unique_id,ds,Naive,SeasonalNaive,AutoETS,AutoARIMA,XGBoost,LightGBM,NBEATS,NHITS,chronos
hotel_0,2023-07-01,0.8271604938271605,0.9506172839506173,0.8542002171862775,0.8894995990534879,0.9309116,0.9099900937147083,0.9314319,0.90476376,0.796875
hotel_0,2023-07-02,0.8271604938271605,0.5061728395061729,0.6258887772485338,0.6525592801429422,0.69220597,0.6850106642053153,0.55031186,0.5031136,0.671875
hotel_0,2023-07-03,0.8271604938271605,0.5802469135802469,0.6466666000710888,0.6464262955626798,0.65312153,0.5838917330338137,0.6005344,0.5900189,0.640625
hotel_0,2023-07-04,0.8271604938271605,0.691358024691358,0.6839896656640166,0.7191560445500734,0.72833276,0.6234910630667264,0.6824086,0.6987181,0.68359375
hotel_0,2023-07-05,0.8271604938271605,0.654320987654321,0.6812325870362248,0.7016716496331491,0.7368662,0.6720999354345081,0.7022723,0.7349779,0.7421875
hotel_0,2023-07-06,0.8271604938271605,0.7160493827160493,0.7182355754828911,0.7304071227372064,0.7703515,0.7082991241072457,0.67789745,0.7120067,0.796875
hotel_0,2023-07-07,0.8271604938271605,0.8271604938271605,0.8220192023642633,0.7759894710696807,0.81663066,0.7860085158187347,0.81892794,0.82097256,0.84375
hotel_0,2023-07-08,0.8271604938271605,0.9506172839506173,0.8542002171862775,0.8238722128073007,0.8844423,0.8819395317644437,0.9124019,0.8949863,0.86328125
hotel_0,2023-07-09,0.8271604938271605,0.5061728395061729,0.6258887772485338,0.6538732154285476,0.5927089,0.5913738364787989,0.53653634,0.508745,0.765625
hotel_0,2023-07-10,0.8271604938271605,0.5802469135802469,0.6466666000710888,0.666945845697229,0.66417634,0.6362264018669528,0.6120734,0.60733205,0.7578125
hotel_0,2023-07-11,0.8271604938271605,0.691358024691358,0.6839896656640166,0.7136211342470848,0.7252996,0.6755773077689703,0.7103261,0.71779954,0.80078125
hotel_0,2023-07-12,0.8271604938271605,0.654320987654321,0.6812325870362248,0.7001372858194339,0.78370583,0.7224403882049746,0.7210398,0.72229815,0.82421875
hotel_0,2023-07-13,0.8271604938271605,0.7160493827160493,0.7182355754828911,0.7222699280857443,0.817953,0.7808270761368576,0.6839409,0.70026183,0.83203125
hotel_0,2023-07-14,0.8271604938271605,0.8271604938271605,0.8220192023642633,0.7601621404026678,0.86177206,0.8370992722397651,0.80610967,0.80909497,0.84765625
hotel_0,2023-07-15,0.8271604938271605,0.9506172839506173,0.8542002171862775,0.7887313318411449,0.9245631,0.9296997867711695,0.90368813,0.8828296,0.83203125
hotel_0,2023-07-16,0.8271604938271605,0.5061728395061729,0.6258887772485338,0.6839832894658016,0.63037246,0.7038980761844714,0.5237075,0.49116313,0.68359375
hotel_0,2023-07-17,0.8271604938271605,0.5802469135802469,0.6466666000710888,0.686991010373236,0.7135047,0.6911775506779946,0.64185673,0.5857778,0.64453125
hotel_0,2023-07-18,0.8271604938271605,0.691358024691358,0.6839896656640166,0.7173302995570762,0.7817543,0.7399171573731927,0.7604245,0.7193378,0.67578125
hotel_0,2023-07-19,0.8271604938271605,0.654320987654321,0.6812325870362248,0.7092908499467994,0.8170622,0.7700905059631927,0.7495384,0.724983,0.71875
hotel_0,2023-07-20,0.8271604938271605,0.7160493827160493,0.7182355754828911,0.7224877560458105,0.81770915,0.7718644155212218,0.7004028,0.70434123,0.765625
hotel_0,2023-07-21,0.8271604938271605,0.8271604938271605,0.8220192023642633,0.7443358004916296,0.8529883,0.8253054436471259,0.8492303,0.8214321,0.8046875
hotel_0,2023-07-22,0.8271604938271605,0.9506172839506173,0.8542002171862775,0.7636046528836785,0.91420823,0.8914369865255282,0.9180851,0.9022464,0.8125
hotel_0,2023-07-23,0.8271604938271605,0.5061728395061729,0.6258887772485338,0.6941036845451936,0.6459453,0.6539841288735753,0.5827219,0.53057027,0.703125
hotel_0,2023-07-24,0.8271604938271605,0.5802469135802469,0.6466666000710888,0.6977937145414845,0.74943006,0.7129237160781197,0.6052944,0.610279,0.67578125
hotel_0,2023-07-25,0.8271604938271605,0.691358024691358,0.6839896656640166,0.7173934246500844,0.7825119,0.793597502664558,0.75519013,0.7128089,0.6953125
hotel_0,2023-07-26,0.8271604938271605,0.654320987654321,0.6812325870362248,0.7119688584980944,0.8033778,0.8089975600690191,0.7215091,0.7369113,0.72265625
hotel_0,2023-07-27,0.8271604938271605,0.7160493827160493,0.7182355754828911,0.720872887779435,0.7997683,0.7711886028630816,0.70961285,0.70660746,0.7578125
hotel_0,2023-07-28,0.8271604938271605,0.8271604938271605,0.8220192023642633,0.7358726980163879,0.8992748,0.8565397771572825,0.8326089,0.81416166,0.796875
hotel_105,2023-07-01,1.0,0.9874213836477987,1.0476449387846933,0.9858242225962766,0.99065274,0.9979395241727791,1.0053333,1.0026443,0.99609375
hotel_105,2023-07-02,1.0,0.9937106918238994,0.9616544656744862,0.9937180425997397,1.0014306,1.0007367678505363,1.0037271,1.0024906,0.98828125
hotel_105,2023-07-03,1.0,1.0188679245283019,1.0073316004594441,1.0068732332877202,0.9317614,0.9994090215971917,1.010468,1.006712,0.98828125
hotel_105,2023-07-04,1.0,1.0314465408805031,1.0373367269875087,1.0099754377931087,0.9316707,0.9792379648252444,1.0173451,1.0093958,1.0
hotel_105,2023-07-05,1.0,1.0440251572327044,1.039713682926658,1.013415186349758,0.9557341,0.967920563920392,1.0240388,1.0133437,1.015625
hotel_105,2023-07-06,1.0,1.0062893081761006,0.9883744022494184,1.011108367066726,0.86802405,0.9726495178562271,1.0103076,1.0113112,1.015625
hotel_105,2023-07-07,1.0,1.0,1.0078429181655375,0.988456055769161,0.97889346,0.9726696031335526,1.0065721,1.0021658,1.0078125
hotel_105,2023-07-08,1.0,0.9874213836477987,1.0476449387846933,0.982561539715282,0.9713232,0.9438192528106202,1.0008913,1.0050187,1.0
hotel_105,2023-07-09,1.0,0.9937106918238994,0.9616544656744862,0.9870102646398383,0.9393139,0.9316086454380442,0.9983771,1.0018024,0.9921875
hotel_105,2023-07-10,1.0,1.0188679245283019,1.0073316004594441,0.9989562391585967,0.93459576,0.9674405907680911,1.0145167,1.007342,0.99609375
hotel_105,2023-07-11,1.0,1.0314465408805031,1.0373367269875087,1.0036422677279804,0.9586215,1.0008553361713264,1.0228292,1.0117834,1.0078125
hotel_105,2023-07-12,1.0,1.0440251572327044,1.039713682926658,1.0085414267754,0.98511004,1.0134731079557082,1.0117259,1.0148925,1.015625
hotel_105,2023-07-13,1.0,1.0062893081761006,0.9883744022494184,0.9970115025353516,0.9752156,1.0314827518699101,1.0104754,1.0108718,1.015625
hotel_105,2023-07-14,1.0,1.0,1.0078429181655375,0.9869462228491361,0.97925836,0.9956981828056795,0.99690765,1.0045246,1.0078125
hotel_105,2023-07-15,1.0,0.9874213836477987,1.0476449387846933,0.9808669776135654,0.9775683,0.9742802814112346,0.9982683,1.0015595,0.98828125
hotel_105,2023-07-16,1.0,0.9937106918238994,0.9616544656744862,0.9849372226118231,0.92699087,0.9136124998483159,0.9940632,1.0009445,0.9765625
hotel_105,2023-07-17,1.0,1.0188679245283019,1.0073316004594441,0.9932990925810391,0.95073783,0.9498650813218436,1.0095893,1.0055132,0.98046875
hotel_105,2023-07-18,1.0,1.0314465408805031,1.0373367269875087,0.996111407137309,0.9643198,0.9672939633681511,1.0145681,1.0098605,0.99609375
hotel_105,2023-07-19,1.0,1.0440251572327044,1.039713682926658,0.9991056562791129,0.98318106,1.009486979162736,1.0120771,1.0108036,1.0
hotel_105,2023-07-20,1.0,1.0062893081761006,0.9883744022494184,0.9943769303482233,0.99409944,1.0180889389055603,1.0070766,1.0105597,1.0
hotel_105,2023-07-21,1.0,1.0,1.0078429181655375,0.9843886294327853,0.98523504,0.9875932264574525,1.0031365,1.0043285,0.9921875
hotel_105,2023-07-22,1.0,0.9874213836477987,1.0476449387846933,0.9806614398256657,0.981222,0.9735546542954936,1.0013118,1.0048513,0.98828125
hotel_105,2023-07-23,1.0,0.9937106918238994,0.9616544656744862,0.9836481282914438,0.9262439,0.9217660870312507,0.9956603,1.0043257,0.9765625
hotel_105,2023-07-24,1.0,1.0188679245283019,1.0073316004594441,0.990365522993021,0.9574056,0.9970185658898657,1.0119921,1.0079908,0.9765625
hotel_105,2023-07-25,1.0,1.0314465408805031,1.0373367269875087,0.9929557678407583,0.9734027,1.0196781056775746,1.0195981,1.0104954,0.9921875
hotel_105,2023-07-26,1.0,1.0440251572327044,1.039713682926658,0.9956748191311162,0.9804124,1.0198686149738427,1.0198324,1.0148387,1.0078125
hotel_105,2023-07-27,1.0,1.0062893081761006,0.9883744022494184,0.9908445746915224,0.9783336,0.9916257552726633,1.0119858,1.0097957,1.0
hotel_105,2023-07-28,1.0,1.0,1.0078429181655375,0.9844836393102114,1.0038402,0.9968522877327501,1.0003864,1.0010145,0.99609375
hotel_112,2023-07-01,0.96875,0.75625,0.903436796126748,0.9282027722244105,0.92019504,0.9314791908255173,0.94076747,0.93250376,0.92578125
hotel_112,2023-07-02,0.96875,0.7625,0.8684008104548067,0.8991028633345858,0.8324621,0.8142840888835701,0.910393,0.9243397,0.921875
hotel_112,2023-07-03,0.96875,0.76875,0.9192479376233321,0.900878544935652,0.8019654,0.770179659544094,0.906561,0.9158261,0.92578125
hotel_112,2023-07-04,0.96875,0.8625,0.925340831381696,0.9110678566876766,0.8337844,0.7915978723777767,0.94248897,0.9456914,0.9296875
hotel_112,2023-07-05,0.96875,0.89375,0.9466445839515321,0.8977945977216957,0.8560398,0.8459640188103318,0.97076726,0.9571469,0.9296875
hotel_112,2023-07-06,0.96875,1.0,0.9375921024302498,0.9137525848250179,0.89984155,0.9085404038614034,0.98031324,0.97446066,0.9296875
hotel_112,2023-07-07,0.96875,0.96875,0.8993846268135793,0.8575393324770401,0.89818084,0.9164977172718616,0.93963456,0.9223774,0.921875
hotel_112,2023-07-08,0.96875,0.75625,0.903436796126748,0.8561083820584019,0.8817871,0.9152348784702926,0.9531818,0.9278329,0.91796875
hotel_112,2023-07-09,0.96875,0.7625,0.8684008104548067,0.8535285868890743,0.7359139,0.7562734580809243,0.9293771,0.92303884,0.91796875
hotel_112,2023-07-10,0.96875,0.76875,0.9192479376233321,0.8536831084753365,0.8145946,0.8169239548151528,0.9480433,0.91448206,0.92578125
hotel_112,2023-07-11,0.96875,0.8625,0.925340831381696,0.8722295926201861,0.87160677,0.8749344477316265,0.98284006,0.9453096,0.9296875
hotel_112,2023-07-12,0.96875,0.89375,0.9466445839515321,0.8767118623569202,0.8979495,0.859241362688951,0.98393273,0.9550773,0.9296875
hotel_112,2023-07-13,0.96875,1.0,0.9375921024302498,0.8985793206356159,0.9437666,0.9088831115390378,0.99213237,0.96946687,0.91796875
hotel_112,2023-07-14,0.96875,0.96875,0.8993846268135793,0.8875799338575979,0.94789964,0.9285217830984775,0.94616854,0.91829115,0.90625
hotel_112,2023-07-15,0.96875,0.75625,0.903436796126748,0.8790361394891419,0.9566191,0.9236358360359734,0.94908863,0.91203177,0.890625
hotel_112,2023-07-16,0.96875,0.7625,0.8684008104548067,0.8727661529224973,0.80616724,0.7396366425639178,0.9265748,0.9101554,0.88671875
hotel_112,2023-07-17,0.96875,0.76875,0.9192479376233321,0.8729292192541099,0.8724452,0.8401495403838503,0.9271441,0.90900624,0.88671875
hotel_112,2023-07-18,0.96875,0.8625,0.925340831381696,0.8762318738860845,0.8981337,0.9081008331398848,0.9409465,0.9429763,0.8984375
hotel_112,2023-07-19,0.96875,0.89375,0.9466445839515321,0.8738053971535522,0.90298724,0.9095944469104913,0.9551055,0.95142776,0.8984375
hotel_112,2023-07-20,0.96875,1.0,0.9375921024302498,0.8785780850147905,0.9170191,0.8951099432863663,0.96326923,0.961867,0.8984375
hotel_112,2023-07-21,0.96875,0.96875,0.8993846268135793,0.8664387435764419,0.91557413,0.9144263986029691,0.93161356,0.9168521,0.8984375
hotel_112,2023-07-22,0.96875,0.75625,0.903436796126748,0.8654400420686776,0.8909004,0.9179616338046611,0.93813634,0.9225231,0.8984375
hotel_112,2023-07-23,0.96875,0.7625,0.8684008104548067,0.8643995708568899,0.7383499,0.7447588385416778,0.9154055,0.91681224,0.8984375
hotel_112,2023-07-24,0.96875,0.76875,0.9192479376233321,0.8644093501669349,0.8229153,0.7926746021063056,0.9081793,0.9134891,0.90234375
hotel_112,2023-07-25,0.96875,0.8625,0.925340831381696,0.8683394388044463,0.88464236,0.8583840482368631,0.93599397,0.9424142,0.90625
hotel_112,2023-07-26,0.96875,0.89375,0.9466445839515321,0.8690275221482799,0.90399605,0.8732466353874538,0.9569043,0.95703065,0.91015625
hotel_112,2023-07-27,0.96875,1.0,0.9375921024302498,0.8737439934282576,0.9330667,0.8746050914313531,0.976694,0.9603822,0.91015625
hotel_112,2023-07-28,0.96875,0.96875,0.8993846268135793,0.8706030375816532,0.953476,0.9197883661405775,0.9292038,0.91305757,0.91015625
hotel_126,2023-07-01,0.9880478087649402,1.00398406374502,1.0118542902214969,0.9901987417586503,0.9895527,0.995862875332683,0.99758124,0.99249405,1.0
hotel_126,2023-07-02,0.9880478087649402,1.00398406374502,0.9755733507879766,0.9946131490617062,0.9982314,0.9765076467765218,1.0004066,0.99668914,1.0078125
hotel_126,2023-07-03,0.9880478087649402,1.00398406374502,0.9547851651323187,0.995570164493363,0.956567,0.9735796220128057,1.0031112,0.9976007,1.0078125
hotel_126,2023-07-04,0.9880478087649402,0.9840637450199203,0.9503407261310395,0.9965797375995307,0.97773343,0.9462035191853198,0.9976861,0.9947949,1.0
hotel_126,2023-07-05,0.9880478087649402,1.00398406374502,0.9556024267785894,1.0041308271292602,0.9821022,0.9733118844965857,1.0015786,0.99925053,1.0078125
hotel_126,2023-07-06,0.9880478087649402,1.00398406374502,0.9474217750469447,0.9922139156884402,0.98104537,0.9805304226895071,0.99561536,0.99777204,1.0078125
hotel_126,2023-07-07,0.9880478087649402,0.9880478087649402,0.9941662514370858,1.0024646823316317,0.9995333,0.9901714963735736,0.99147123,0.99478835,1.0078125
hotel_126,2023-07-08,0.9880478087649402,1.00398406374502,1.0118542902214969,1.0009458816194343,0.97383064,0.9844822758761282,0.9914806,0.99734294,1.0078125
hotel_126,2023-07-09,0.9880478087649402,1.00398406374502,0.9755733507879766,1.0012958835799768,0.945294,0.9585936758106506,0.9979386,0.99972594,1.0078125
hotel_126,2023-07-10,0.9880478087649402,1.00398406374502,0.9547851651323187,1.0008145127774328,0.94669825,0.9631199878795411,1.002704,0.99703443,1.0078125
hotel_126,2023-07-11,0.9880478087649402,0.9840637450199203,0.9503407261310395,0.9987395759014942,0.9867813,0.9745385746387726,1.0017605,0.9964695,1.0078125
hotel_126,2023-07-12,0.9880478087649402,1.00398406374502,0.9556024267785894,1.0038066136842452,0.9985363,0.9870019712079836,0.99516904,0.9995096,1.0078125
hotel_126,2023-07-13,0.9880478087649402,1.00398406374502,0.9474217750469447,0.9950782132540352,1.0008165,0.994452508726228,0.9951429,0.99588096,1.0078125
hotel_126,2023-07-14,0.9880478087649402,0.9880478087649402,0.9941662514370858,1.000927952612009,1.0040841,1.0087576274297485,0.9862971,0.9932023,1.0078125
hotel_126,2023-07-15,0.9880478087649402,1.00398406374502,1.0118542902214969,1.0005880290029774,0.9524951,0.9979590654234585,0.9923759,0.9942684,1.0
hotel_126,2023-07-16,0.9880478087649402,1.00398406374502,0.9755733507879766,1.0009734764805434,0.9174285,0.9478642060349508,0.99368834,0.9962721,1.0
hotel_126,2023-07-17,0.9880478087649402,1.00398406374502,0.9547851651323187,1.001315313577863,0.9895725,0.9641946898396849,1.0004114,0.9957009,1.0
hotel_126,2023-07-18,0.9880478087649402,0.9840637450199203,0.9503407261310395,0.9995637823034397,0.99126965,0.9604270546929522,0.9989781,0.9944492,1.0
hotel_126,2023-07-19,0.9880478087649402,1.00398406374502,0.9556024267785894,1.0044007198523093,0.9950012,0.9706311239431287,0.9919796,0.9948778,1.0
hotel_126,2023-07-20,0.9880478087649402,1.00398406374502,0.9474217750469447,0.9965696880001591,0.9856564,0.9743869087872344,0.9912752,0.9940269,1.0
hotel_126,2023-07-21,0.9880478087649402,0.9880478087649402,0.9941662514370858,1.0020587396057903,0.9989457,0.9807767830938323,0.99101794,0.9914913,1.0
hotel_126,2023-07-22,0.9880478087649402,1.00398406374502,1.0118542902214969,1.001397647642006,0.97747535,0.9951659950989566,0.99278235,0.99452674,1.0
hotel_126,2023-07-23,0.9880478087649402,1.00398406374502,0.9755733507879766,1.0019304450049247,0.928533,0.9399414459393765,0.9911469,0.99855155,1.0
hotel_126,2023-07-24,0.9880478087649402,1.00398406374502,0.9547851651323187,1.0019218022890797,0.9560871,0.9680737438293022,0.999852,0.9958958,1.0
hotel_126,2023-07-25,0.9880478087649402,0.9840637450199203,0.9503407261310395,1.0006230497993103,0.9696463,0.9628392407619022,0.9978289,0.9932567,1.0
hotel_126,2023-07-26,0.9880478087649402,1.00398406374502,0.9556024267785894,1.0044968753298529,0.98256016,0.9739552478388825,0.99921787,0.9989481,1.0
hotel_126,2023-07-27,0.9880478087649402,1.00398406374502,0.9474217750469447,0.9980578475418991,0.98681295,0.9738373573365681,0.9957757,0.9927726,1.0
hotel_126,2023-07-28,0.9880478087649402,0.9880478087649402,0.9941662514370858,1.002521838608536,1.0061957,0.9615889387474951,0.9903519,0.98932606,1.0
hotel_133,2023-07-01,0.9672131147540983,1.0163934426229508,1.007238888108479,0.9868188746797321,0.9840596,1.000719677243527,0.984267,0.9842692,0.98046875
hotel_133,2023-07-02,0.9672131147540983,0.8852459016393442,0.831348347201812,0.9083265961004361,0.9456905,0.9497782697293059,0.9345067,0.9319496,0.91015625
hotel_133,2023-07-03,0.9672131147540983,0.9836065573770492,0.8643379747698856,0.9377195853945228,0.9176264,0.9271902684740853,0.95990074,0.94295216,0.90625
hotel_133,2023-07-04,0.9672131147540983,0.9836065573770492,0.8804703322953393,0.9477289863208709,0.95345366,0.8818118192435797,0.96281546,0.9586418,0.921875
hotel_133,2023-07-05,0.9672131147540983,0.9508196721311475,0.896270505707802,0.9394805050030357,0.9387395,0.8993902401825894,0.96009916,0.9528804,0.9375
hotel_133,2023-07-06,0.9672131147540983,0.9180327868852459,0.9099525050890617,0.9378063819777247,0.93886644,0.9162471335075224,0.95183796,0.9584335,0.97265625
hotel_133,2023-07-07,0.9672131147540983,0.9672131147540983,0.9772698975852595,0.9735702252512781,0.96113384,0.9668918429111938,0.97775745,0.97677743,1.0234375
hotel_133,2023-07-08,0.9672131147540983,1.0163934426229508,1.007238888108479,0.9930570217655679,0.95882195,0.9638513114595939,0.99281824,0.98392934,1.0234375
hotel_133,2023-07-09,0.9672131147540983,0.8852459016393442,0.831348347201812,0.9129199112537629,0.90004146,0.8913379833481965,0.9473883,0.9208869,0.9609375
hotel_133,2023-07-10,0.9672131147540983,0.9836065573770492,0.8643379747698856,0.9465599510889808,0.92626804,0.939843269217412,0.9674957,0.9395131,0.94921875
hotel_133,2023-07-11,0.9672131147540983,0.9836065573770492,0.8804703322953393,0.9546221981031332,0.95930445,0.9522887439823228,0.9775848,0.95619446,0.9609375
hotel_133,2023-07-12,0.9672131147540983,0.9508196721311475,0.896270505707802,0.9446941317087508,0.9627365,0.9578140026981602,0.9589923,0.9422065,0.96484375
hotel_133,2023-07-13,0.9672131147540983,0.9180327868852459,0.9099525050890617,0.9400372375712349,0.95363665,0.9596892341342712,0.9500309,0.9486265,0.97265625
hotel_133,2023-07-14,0.9672131147540983,0.9672131147540983,0.9772698975852595,0.9739579190643392,0.97310513,0.9760675624478169,0.965064,0.96950555,0.99609375
hotel_133,2023-07-15,0.9672131147540983,1.0163934426229508,1.007238888108479,0.9917513632801953,0.9901916,0.9885552772219034,0.9795129,0.979199,0.984375
hotel_133,2023-07-16,0.9672131147540983,0.8852459016393442,0.831348347201812,0.9185377709848492,0.90556186,0.9303765221691759,0.9212109,0.92110664,0.91015625
hotel_133,2023-07-17,0.9672131147540983,0.9836065573770492,0.8643379747698856,0.9489105902299111,0.93173677,0.9420994919460558,0.94932824,0.93931574,0.8984375
hotel_133,2023-07-18,0.9672131147540983,0.9836065573770492,0.8804703322953393,0.9564666394209936,0.959255,0.9593220231083135,0.9685856,0.9470542,0.92578125
hotel_133,2023-07-19,0.9672131147540983,0.9508196721311475,0.896270505707802,0.9475338485568561,0.9475332,0.9440031043385703,0.93400824,0.9376993,0.94140625
hotel_133,2023-07-20,0.9672131147540983,0.9180327868852459,0.9099525050890617,0.9435515988407849,0.9309586,0.9244905404912017,0.9481409,0.9496764,0.9609375
hotel_133,2023-07-21,0.9672131147540983,0.9672131147540983,0.9772698975852595,0.9747715167639563,0.9482988,0.9655917186414659,0.97009176,0.9719302,0.9921875
hotel_133,2023-07-22,0.9672131147540983,1.0163934426229508,1.007238888108479,0.9912171520619049,0.9729847,1.0066571455275226,0.9773558,0.9794925,0.99609375
hotel_133,2023-07-23,0.9672131147540983,0.8852459016393442,0.831348347201812,0.9235485024372978,0.8927971,0.9040320711817836,0.9316543,0.92299795,0.921875
hotel_133,2023-07-24,0.9672131147540983,0.9836065573770492,0.8643379747698856,0.9516578671995352,0.9367203,0.9382911387291726,0.9526725,0.9380594,0.91015625
hotel_133,2023-07-25,0.9672131147540983,0.9836065573770492,0.8804703322953393,0.9586215780731571,0.9589467,0.9578032739973079,0.95582855,0.9550964,0.921875
hotel_133,2023-07-26,0.9672131147540983,0.9508196721311475,0.896270505707802,0.9503509771329284,0.94789696,0.9471870880854971,0.94740576,0.9418319,0.9375
hotel_133,2023-07-27,0.9672131147540983,0.9180327868852459,0.9099525050890617,0.9466419835237054,0.9379411,0.9462706730520568,0.9495356,0.9498992,0.95703125
hotel_133,2023-07-28,0.9672131147540983,0.9672131147540983,0.9772698975852595,0.9754732120955943,0.95876867,0.9718767068652147,0.96473515,0.9680993,0.98828125
hotel_14,2023-07-01,0.5188679245283019,0.6132075471698113,0.6313797479282144,0.5506045370049126,0.65860903,0.6114310565458718,0.548607,0.5597796,0.609375
hotel_14,2023-07-02,0.5188679245283019,0.5660377358490566,0.41167666920525214,0.5454823650301845,0.57894427,0.5638877795331844,0.473972,0.46128142,0.48828125
hotel_14,2023-07-03,0.5188679245283019,0.5943396226415094,0.5110935090828267,0.5741431703974563,0.6091206,0.606939049557397,0.551419,0.58286875,0.55078125
hotel_14,2023-07-04,0.5188679245283019,0.5377358490566038,0.593173474116865,0.5790333705132762,0.71652937,0.6401806443727953,0.6422918,0.65845394,0.640625
hotel_14,2023-07-05,0.5188679245283019,0.5566037735849056,0.6153958626365212,0.6270813982858455,0.7309416,0.6792361481185588,0.65493864,0.68161744,0.6796875
hotel_14,2023-07-06,0.5188679245283019,0.7641509433962265,0.5718531901748021,0.6902843303015295,0.7398381,0.6935526837515856,0.6351941,0.6686029,0.671875
hotel_14,2023-07-07,0.5188679245283019,0.5188679245283019,0.5999353587828535,0.5957766217075479,0.7552708,0.6958992897880466,0.56057286,0.59218985,0.6953125
hotel_14,2023-07-08,0.5188679245283019,0.6132075471698113,0.6313797479282144,0.6053388781608289,0.69695514,0.6649003220639986,0.5662834,0.61946017,0.70703125
hotel_14,2023-07-09,0.5188679245283019,0.5660377358490566,0.41167666920525214,0.5759170988878252,0.49189353,0.49196629046106,0.44013816,0.49500144,0.5703125
hotel_14,2023-07-10,0.5188679245283019,0.5943396226415094,0.5110935090828267,0.59070229722374,0.63076997,0.6473423093955505,0.57051927,0.61602604,0.6171875
hotel_14,2023-07-11,0.5188679245283019,0.5377358490566038,0.593173474116865,0.6005911024726586,0.7332521,0.6862632056636292,0.6611048,0.67878497,0.703125
hotel_14,2023-07-12,0.5188679245283019,0.5566037735849056,0.6153958626365212,0.6085932636452557,0.7593102,0.694829945787359,0.68122274,0.7050979,0.7265625
hotel_14,2023-07-13,0.5188679245283019,0.7641509433962265,0.5718531901748021,0.6767668831276334,0.7574886,0.6901053446847502,0.6139176,0.6656209,0.69921875
hotel_14,2023-07-14,0.5188679245283019,0.5188679245283019,0.5999353587828535,0.6027352781661658,0.76572305,0.6665469672462474,0.5356077,0.609168,0.70703125
hotel_14,2023-07-15,0.5188679245283019,0.6132075471698113,0.6313797479282144,0.5991304948323667,0.7985677,0.6865819305652433,0.5620972,0.6320538,0.71875
hotel_14,2023-07-16,0.5188679245283019,0.5660377358490566,0.41167666920525214,0.5806418350092246,0.58817476,0.5248266293887162,0.44327536,0.51477224,0.5703125
hotel_14,2023-07-17,0.5188679245283019,0.5943396226415094,0.5110935090828267,0.6124836755580405,0.6619846,0.6017384482434593,0.55761933,0.6335539,0.61328125
hotel_14,2023-07-18,0.5188679245283019,0.5377358490566038,0.593173474116865,0.6042075787686199,0.7644567,0.6928624705038933,0.60586977,0.68990177,0.69921875
hotel_14,2023-07-19,0.5188679245283019,0.5566037735849056,0.6153958626365212,0.6123209946038692,0.78242356,0.7090757019347604,0.6223661,0.69526416,0.73046875
hotel_14,2023-07-20,0.5188679245283019,0.7641509433962265,0.5718531901748021,0.673166715928207,0.774076,0.7076776196860686,0.6049617,0.6608303,0.6953125
hotel_14,2023-07-21,0.5188679245283019,0.5188679245283019,0.5999353587828535,0.6093940215150407,0.8103429,0.7069848236212645,0.53370935,0.6096791,0.69921875
hotel_14,2023-07-22,0.5188679245283019,0.6132075471698113,0.6313797479282144,0.6034801700961943,0.84739494,0.7125718926959228,0.5351176,0.6285922,0.703125
hotel_14,2023-07-23,0.5188679245283019,0.5660377358490566,0.41167666920525214,0.6073931400862754,0.62983716,0.564287139047108,0.41924256,0.5038118,0.5625
hotel_14,2023-07-24,0.5188679245283019,0.5943396226415094,0.5110935090828267,0.6127157854098425,0.70074487,0.6652131583168759,0.5202704,0.61257213,0.6015625
hotel_14,2023-07-25,0.5188679245283019,0.5377358490566038,0.593173474116865,0.6044436181749044,0.736158,0.709054831439714,0.59770304,0.67273057,0.6875
hotel_14,2023-07-26,0.5188679245283019,0.5566037735849056,0.6153958626365212,0.6270291488383045,0.73864573,0.7487167686079085,0.64121467,0.69662005,0.72265625
hotel_14,2023-07-27,0.5188679245283019,0.7641509433962265,0.5718531901748021,0.6573742014921696,0.73407966,0.7717039076728524,0.6451771,0.6845969,0.69921875
hotel_14,2023-07-28,0.5188679245283019,0.5188679245283019,0.5999353587828535,0.6070353875583183,0.7479938,0.7993610981580463,0.57857084,0.6291012,0.7109375
hotel_21,2023-07-01,0.9074074074074074,1.0,0.9374724566382746,0.9279539564813695,0.98558617,0.9311391357531101,0.96423256,0.9480504,0.94921875
hotel_21,2023-07-02,0.9074074074074074,0.9166666666666666,0.8925108438409023,0.924042332493099,0.9537272,0.89239459892592,0.9596753,0.9625048,0.95703125
hotel_21,2023-07-03,0.9074074074074074,0.9861111111111112,0.8990211303789145,0.9400076670316554,0.9250438,0.9235652568573346,0.9818876,0.9755442,0.96484375
hotel_21,2023-07-04,0.9074074074074074,1.0,0.918408758492784,0.9473052982521817,0.9524359,0.9035075598027061,0.9721451,0.9771462,0.97265625
hotel_21,2023-07-05,0.9074074074074074,0.9953703703703703,0.9304247578312299,0.9507103084653015,0.9616694,0.9507978613113466,0.97713834,0.9754944,0.9765625
hotel_21,2023-07-06,0.9074074074074074,0.9907407407407407,0.9322109167784918,0.9537119537265648,0.9688962,0.9665222870925073,0.9688081,0.97989905,0.98046875
hotel_21,2023-07-07,0.9074074074074074,0.9074074074074074,0.919860566496805,0.9429613982068581,0.9605849,0.9561786018515361,0.94158757,0.9635899,0.98046875
hotel_21,2023-07-08,0.9074074074074074,1.0,0.9374724566382746,0.9537524529874881,0.9798529,0.981683768606806,0.9656742,0.97805756,0.98046875
hotel_21,2023-07-09,0.9074074074074074,0.9166666666666666,0.8925108438409023,0.9463063337921742,0.9144825,0.9170738170188047,0.96702504,0.9687344,0.98046875
hotel_21,2023-07-10,0.9074074074074074,0.9861111111111112,0.8990211303789145,0.9561303928293887,0.9544978,0.9591592043481444,0.9784421,0.9751781,0.98046875
hotel_21,2023-07-11,0.9074074074074074,1.0,0.918408758492784,0.9601939653142919,0.95476943,0.9449100857293189,0.98255414,0.97705054,0.9765625
hotel_21,2023-07-12,0.9074074074074074,0.9953703703703703,0.9304247578312299,0.9605827402645649,0.9569425,0.9653818186908194,0.97966605,0.97680444,0.9765625
hotel_21,2023-07-13,0.9074074074074074,0.9907407407407407,0.9322109167784918,0.9607639608488331,0.96958905,0.9719137638446024,0.97760236,0.981087,0.9765625
hotel_21,2023-07-14,0.9074074074074074,0.9074074074074074,0.919860566496805,0.9498018800156507,0.97172755,0.9747659600562262,0.94096756,0.96479315,0.9765625
hotel_21,2023-07-15,0.9074074074074074,1.0,0.9374724566382746,0.9527077649948608,0.9905318,0.9773899173297061,0.95991945,0.9769859,0.9765625
hotel_21,2023-07-16,0.9074074074074074,0.9166666666666666,0.8925108438409023,0.9537645387073107,0.91319615,0.9198377239106292,0.9531587,0.9741157,0.9765625
hotel_21,2023-07-17,0.9074074074074074,0.9861111111111112,0.8990211303789145,0.9556047030264195,0.93499273,0.9545717983513127,0.96526957,0.9714489,0.9765625
hotel_21,2023-07-18,0.9074074074074074,1.0,0.918408758492784,0.9559999344983703,0.95172894,0.9581688009036372,0.975736,0.97039354,0.9765625
hotel_21,2023-07-19,0.9074074074074074,0.9953703703703703,0.9304247578312299,0.9572167856583695,0.9560666,0.9652269981594619,0.9694483,0.97120976,0.9765625
hotel_21,2023-07-20,0.9074074074074074,0.9907407407407407,0.9322109167784918,0.9572651186154534,0.9546105,0.9596926194558825,0.97292805,0.98330057,0.9765625
hotel_21,2023-07-21,0.9074074074074074,0.9074074074074074,0.919860566496805,0.9581098781286833,0.9525058,0.9566544419398018,0.95264435,0.9648346,0.9765625
hotel_21,2023-07-22,0.9074074074074074,1.0,0.9374724566382746,0.9579848185710723,0.9690031,0.9799003121739163,0.96468437,0.96944505,0.9765625
hotel_21,2023-07-23,0.9074074074074074,0.9166666666666666,0.8925108438409023,0.9586011147536118,0.89479095,0.922128427692088,0.9550005,0.96723217,0.97265625
hotel_21,2023-07-24,0.9074074074074074,0.9861111111111112,0.8990211303789145,0.9583973812618565,0.9401908,0.9519205059536568,0.9704523,0.9737296,0.97265625
hotel_21,2023-07-25,0.9074074074074074,1.0,0.918408758492784,0.9588681720226446,0.9617081,0.9595124100318603,0.9793812,0.97454184,0.97265625
hotel_21,2023-07-26,0.9074074074074074,0.9953703703703703,0.9304247578312299,0.9586366161434356,0.9681752,0.9611840001771129,0.9848492,0.978183,0.97265625
hotel_21,2023-07-27,0.9074074074074074,0.9907407407407407,0.9322109167784918,0.9590105427183914,0.95637184,0.955108383921418,0.9825429,0.9777105,0.97265625
hotel_21,2023-07-28,0.9074074074074074,0.9074074074074074,0.919860566496805,0.9587776928525416,0.966105,0.955689877472662,0.95158297,0.96269363,0.97265625
hotel_28,2023-07-01,0.6083333333333333,0.008333333333333333,0.45199125065461343,0.42155823011429544,0.50036037,0.6148336374142922,0.44426936,0.5807151,0.578125
hotel_28,2023-07-02,0.6083333333333333,0.008333333333333333,0.45545059670535654,0.2946640323508257,0.40696853,0.40914305812870627,0.2826019,0.54648113,0.5859375
hotel_28,2023-07-03,0.6083333333333333,0.008333333333333333,0.45785080226028074,0.22661964724055847,0.41674456,0.36218572041494634,0.34274957,0.523126,0.60546875
hotel_28,2023-07-04,0.6083333333333333,0.008333333333333333,0.45833833177651623,0.15960648371738273,0.45146912,0.3949768065081167,0.2781689,0.51834536,0.62890625
hotel_28,2023-07-05,0.6083333333333333,0.13333333333333333,0.46876029319256635,0.1515273842044042,0.43214595,0.39958221663794613,0.37884176,0.5977917,0.63671875
hotel_28,2023-07-06,0.6083333333333333,0.4166666666666667,0.4870731932971186,0.18719617204363614,0.39401516,0.4500756249941123,0.3938188,0.6908812,0.65234375
hotel_28,2023-07-07,0.6083333333333333,0.6083333333333333,0.4855707064349663,0.21617806804712825,0.4908913,0.5271335766118862,0.3673837,0.6524684,0.66796875
hotel_28,2023-07-08,0.6083333333333333,0.008333333333333333,0.45199125065461343,0.20598218606629887,0.4759824,0.577882807936471,0.30634853,0.60898125,0.66796875
hotel_28,2023-07-09,0.6083333333333333,0.008333333333333333,0.45545059670535654,0.19963726713529178,0.35758445,0.38048097605949327,0.2914082,0.55516243,0.66015625
hotel_28,2023-07-10,0.6083333333333333,0.008333333333333333,0.45785080226028074,0.19577076770013527,0.38962054,0.41210263380917483,0.2650446,0.59751874,0.66015625
hotel_28,2023-07-11,0.6083333333333333,0.008333333333333333,0.45833833177651623,0.1902587108587492,0.37990457,0.445283446508456,0.2635517,0.5599398,0.6640625
hotel_28,2023-07-12,0.6083333333333333,0.13333333333333333,0.46876029319256635,0.21254937342988725,0.36980096,0.4025792174155758,0.2655281,0.5567269,0.67578125
hotel_28,2023-07-13,0.6083333333333333,0.4166666666666667,0.4870731932971186,0.26771379612225427,0.39612004,0.43563724493210093,0.1624211,0.49349892,0.6875
hotel_28,2023-07-14,0.6083333333333333,0.6083333333333333,0.4855707064349663,0.305784491585419,0.47054696,0.5151362572726729,0.15524054,0.34654164,0.6875
hotel_28,2023-07-15,0.6083333333333333,0.008333333333333333,0.45199125065461343,0.27043225812483024,0.46485305,0.5368315096473701,0.16955093,0.34551886,0.68359375
hotel_28,2023-07-16,0.6083333333333333,0.008333333333333333,0.45545059670535654,0.24581591262315775,0.39357877,0.38841907187487035,0.15747249,0.3727044,0.6796875
hotel_28,2023-07-17,0.6083333333333333,0.008333333333333333,0.45785080226028074,0.232625415119576,0.38554183,0.4023475511489856,0.123408675,0.4100282,0.67578125
hotel_28,2023-07-18,0.6083333333333333,0.008333333333333333,0.45833833177651623,0.22006558842341353,0.40189657,0.4209295293575536,0.15545389,0.38008073,0.6875
hotel_28,2023-07-19,0.6083333333333333,0.13333333333333333,0.46876029319256635,0.23703857598505138,0.41747454,0.43977310703553385,0.20306279,0.37073156,0.6953125
hotel_28,2023-07-20,0.6083333333333333,0.4166666666666667,0.4870731932971186,0.28549057990735716,0.4278007,0.4299326224090434,0.15455829,0.30542853,0.69140625
hotel_28,2023-07-21,0.6083333333333333,0.6083333333333333,0.4855707064349663,0.31959047703503524,0.46376902,0.4461942507160664,0.0605177,0.19797646,0.69921875
hotel_28,2023-07-22,0.6083333333333333,0.008333333333333333,0.45199125065461343,0.29071091063042465,0.45007455,0.4816736819326773,-0.0010550022,0.18253769,0.7109375
hotel_28,2023-07-23,0.6083333333333333,0.008333333333333333,0.45545059670535654,0.2706221256335282,0.37140703,0.3941103811911498,0.048251867,0.22907522,0.703125
hotel_28,2023-07-24,0.6083333333333333,0.008333333333333333,0.45785080226028074,0.25975719567016403,0.382231,0.4091242675179129,0.050520808,0.23374987,0.6953125
hotel_28,2023-07-25,0.6083333333333333,0.008333333333333333,0.45833833177651623,0.24912618650300905,0.41400117,0.44184142664126685,0.14080793,0.26779735,0.6953125
hotel_28,2023-07-26,0.6083333333333333,0.13333333333333333,0.46876029319256635,0.26500429833350864,0.44304878,0.44860587911519934,0.1336395,0.28483093,0.70703125
hotel_28,2023-07-27,0.6083333333333333,0.4166666666666667,0.4870731932971186,0.3095181220895752,0.44612896,0.4480651099420981,0.12606758,0.25963414,0.71484375
hotel_28,2023-07-28,0.6083333333333333,0.6083333333333333,0.4855707064349663,0.3407657341522771,0.50615746,0.46697692137687147,0.11326471,0.2934499,0.71875
hotel_35,2023-07-01,0.6953125,0.72265625,0.6292694250088536,0.652510720739337,0.69467276,0.7068119197971148,0.65578306,0.6696389,0.72265625
hotel_35,2023-07-02,0.6953125,0.7421875,0.6360961863349548,0.668938409153805,0.5713187,0.5985356003935236,0.7430145,0.7149237,0.73828125
hotel_35,2023-07-03,0.6953125,0.8359375,0.7007579328410402,0.7484180134795377,0.64643115,0.6466484787408812,0.79244643,0.77385306,0.76171875
hotel_35,2023-07-04,0.6953125,0.919921875,0.7310379917733547,0.7678017323907161,0.7277571,0.6608193995725833,0.76285493,0.8011004,0.7734375
hotel_35,2023-07-05,0.6953125,0.89453125,0.7399312751356641,0.7497543349341904,0.7878891,0.6896602470699222,0.7813856,0.8035621,0.7734375
hotel_35,2023-07-06,0.6953125,0.8046875,0.7354116134287024,0.7388200260748604,0.7919112,0.7120701479962092,0.78956926,0.82172483,0.7578125
hotel_35,2023-07-07,0.6953125,0.6953125,0.689404874603085,0.7258436859595224,0.83476967,0.7660903907709373,0.7540491,0.7887211,0.734375
hotel_35,2023-07-08,0.6953125,0.72265625,0.6292694250088536,0.6988311235835566,0.7858832,0.7394573809035245,0.6686674,0.71843964,0.71484375
hotel_35,2023-07-09,0.6953125,0.7421875,0.6360961863349548,0.7177949363964718,0.59407824,0.5720715178710339,0.725381,0.71797633,0.71875
hotel_35,2023-07-10,0.6953125,0.8359375,0.7007579328410402,0.7701346790939754,0.69657487,0.6843845573120017,0.7892809,0.77331746,0.73828125
hotel_35,2023-07-11,0.6953125,0.919921875,0.7310379917733547,0.7738902790373624,0.78145367,0.779111829767345,0.7808168,0.78786874,0.74609375
hotel_35,2023-07-12,0.6953125,0.89453125,0.7399312751356641,0.7549771524515233,0.82528,0.7993717190194515,0.7981515,0.807621,0.734375
hotel_35,2023-07-13,0.6953125,0.8046875,0.7354116134287024,0.7525494191696215,0.8220474,0.815048826859381,0.7776044,0.8119096,0.71875
hotel_35,2023-07-14,0.6953125,0.6953125,0.689404874603085,0.7451950854177093,0.8458794,0.8131788840314617,0.74885714,0.78239095,0.69140625
hotel_35,2023-07-15,0.6953125,0.72265625,0.6292694250088536,0.7184773148862983,0.8623277,0.8278556336403436,0.68614006,0.71345097,0.6796875
hotel_35,2023-07-16,0.6953125,0.7421875,0.6360961863349548,0.7206680820917659,0.61428076,0.6162222688579579,0.7409611,0.7313672,0.69140625
hotel_35,2023-07-17,0.6953125,0.8359375,0.7007579328410402,0.7588107020664612,0.70877564,0.6800546978529932,0.78231525,0.7709951,0.71484375
hotel_35,2023-07-18,0.6953125,0.919921875,0.7310379917733547,0.7647772811795438,0.732901,0.7466201026909555,0.78407925,0.79010826,0.73046875
hotel_35,2023-07-19,0.6953125,0.89453125,0.7399312751356641,0.7595555652391945,0.7598441,0.7903042894354858,0.8005389,0.8016187,0.73046875
hotel_35,2023-07-20,0.6953125,0.8046875,0.7354116134287024,0.7667194356660492,0.7648843,0.8021971578181996,0.8275652,0.8328286,0.71875
hotel_35,2023-07-21,0.6953125,0.6953125,0.689404874603085,0.758412093740782,0.816203,0.8406356198856202,0.7786253,0.7906789,0.703125
hotel_35,2023-07-22,0.6953125,0.72265625,0.6292694250088536,0.7240714633875419,0.8630125,0.8635176443004581,0.6989794,0.7164868,0.69921875
hotel_35,2023-07-23,0.6953125,0.7421875,0.6360961863349548,0.7202544098382533,0.6760734,0.5928077044966014,0.7161106,0.72308,0.71484375
hotel_35,2023-07-24,0.6953125,0.8359375,0.7007579328410402,0.7582583844406792,0.74803656,0.7040627058418597,0.7657339,0.76282847,0.73046875
hotel_35,2023-07-25,0.6953125,0.919921875,0.7310379917733547,0.7712798953106039,0.8100974,0.7488908810979211,0.7781736,0.7868303,0.75
hotel_35,2023-07-26,0.6953125,0.89453125,0.7399312751356641,0.7708391359923195,0.8201968,0.7667066730927701,0.78371745,0.8068183,0.75
hotel_35,2023-07-27,0.6953125,0.8046875,0.7354116134287024,0.77504256632342,0.79417205,0.7593166993536993,0.78352445,0.81401336,0.73828125
hotel_35,2023-07-28,0.6953125,0.6953125,0.689404874603085,0.7612338927694539,0.86396396,0.804508048097004,0.75056475,0.7815969,0.71875
hotel_42,2023-07-01,0.7611336032388664,0.902834008097166,0.9032813225244133,0.7751276091367173,0.8270965,0.8102333106010959,0.93488073,0.8389426,0.69921875
hotel_42,2023-07-02,0.7611336032388664,0.38461538461538464,0.5510395344140244,0.5139804523067291,0.5560078,0.5518391043778634,0.53177655,0.50871146,0.65234375
hotel_42,2023-07-03,0.7611336032388664,0.7246963562753036,0.6371076666006144,0.6189805510215284,0.63645625,0.6022251388718037,0.6896027,0.6507135,0.625
hotel_42,2023-07-04,0.7611336032388664,0.97165991902834,0.7508310356294376,0.7244850381851082,0.7691407,0.6836195192463551,0.8956982,0.8031476,0.63671875
hotel_42,2023-07-05,0.7611336032388664,0.8947368421052632,0.729934100857925,0.779950505949751,0.8154784,0.752751974660902,0.82234395,0.85167223,0.6328125
hotel_42,2023-07-06,0.7611336032388664,0.7732793522267206,0.7286381490529169,0.7096348822380882,0.79577875,0.736250337048762,0.60543466,0.7118671,0.63671875
hotel_42,2023-07-07,0.7611336032388664,0.7611336032388664,0.7949672543119111,0.7367781583186492,0.86132467,0.8391819168603724,0.72666407,0.8049033,0.62890625
hotel_42,2023-07-08,0.7611336032388664,0.902834008097166,0.9032813225244133,0.7427227305156219,0.8581766,0.8479984096123923,0.8782046,0.86619675,0.62890625
hotel_42,2023-07-09,0.7611336032388664,0.38461538461538464,0.5510395344140244,0.557609406428709,0.57116175,0.5618263669540967,0.39781743,0.49426553,0.59765625
hotel_42,2023-07-10,0.7611336032388664,0.7246963562753036,0.6371076666006144,0.6653602842284242,0.6514039,0.6617963437353275,0.55521345,0.6507014,0.5859375
hotel_42,2023-07-11,0.7611336032388664,0.97165991902834,0.7508310356294376,0.7496561887446311,0.8137641,0.7383875841853931,0.8468246,0.82318646,0.60546875
hotel_42,2023-07-12,0.7611336032388664,0.8947368421052632,0.729934100857925,0.7416572027452681,0.8445853,0.7959773199947372,0.86343575,0.8227225,0.62109375
hotel_42,2023-07-13,0.7611336032388664,0.7732793522267206,0.7286381490529169,0.6963900774589553,0.8503617,0.8005575612582062,0.72184,0.7317458,0.625
hotel_42,2023-07-14,0.7611336032388664,0.7611336032388664,0.7949672543119111,0.6989275351143955,0.8743262,0.8390062784527016,0.7811182,0.8243711,0.625
hotel_42,2023-07-15,0.7611336032388664,0.902834008097166,0.9032813225244133,0.7036971634129743,0.9096129,0.8547917072770199,0.8774642,0.8804831,0.6015625
hotel_42,2023-07-16,0.7611336032388664,0.38461538461538464,0.5510395344140244,0.5993552502907592,0.5649598,0.5905075058899238,0.42430013,0.5066945,0.57421875
hotel_42,2023-07-17,0.7611336032388664,0.7246963562753036,0.6371076666006144,0.6481961784790974,0.63541543,0.641849017979992,0.60828894,0.6811839,0.5703125
hotel_42,2023-07-18,0.7611336032388664,0.97165991902834,0.7508310356294376,0.6923163898267846,0.73158354,0.7414766574729983,0.724332,0.8339653,0.5859375
hotel_42,2023-07-19,0.7611336032388664,0.8947368421052632,0.729934100857925,0.7046972137544588,0.7469054,0.7975223531070974,0.7870521,0.84711003,0.58203125
hotel_42,2023-07-20,0.7611336032388664,0.7732793522267206,0.7286381490529169,0.6775483303242341,0.773281,0.7973616314012735,0.7306892,0.74731326,0.578125
hotel_42,2023-07-21,0.7611336032388664,0.7611336032388664,0.7949672543119111,0.6849408373263632,0.8748687,0.84895243801646,0.84157157,0.84793097,0.5703125
hotel_42,2023-07-22,0.7611336032388664,0.902834008097166,0.9032813225244133,0.6874309000490751,0.8983009,0.8807566589952335,0.8994072,0.92278576,0.57421875
hotel_42,2023-07-23,0.7611336032388664,0.38461538461538464,0.5510395344140244,0.6190237868855434,0.5788596,0.5758482680235825,0.40522853,0.5590361,0.55859375
hotel_42,2023-07-24,0.7611336032388664,0.7246963562753036,0.6371076666006144,0.6563835511144954,0.67515236,0.6909190681270951,0.5946565,0.67056376,0.54296875
hotel_42,2023-07-25,0.7611336032388664,0.97165991902834,0.7508310356294376,0.6868327515364225,0.72260684,0.7631311092222863,0.85697377,0.81164366,0.5625
hotel_42,2023-07-26,0.7611336032388664,0.8947368421052632,0.729934100857925,0.6873680112624317,0.7700527,0.7663985677235384,0.9023055,0.8439015,0.5859375
hotel_42,2023-07-27,0.7611336032388664,0.7732793522267206,0.7286381490529169,0.6703022807844596,0.79534686,0.7450809319289361,0.7888904,0.7565856,0.609375
hotel_42,2023-07-28,0.7611336032388664,0.7611336032388664,0.7949672543119111,0.6724724216994006,0.8902489,0.8283688686990253,0.8470941,0.82516444,0.63671875
hotel_49,2023-07-01,0.6593886462882096,0.7248908296943232,0.6839418195615334,0.6719887214962098,0.7056535,0.7135998225411927,0.70522064,0.6988611,0.65234375
hotel_49,2023-07-02,0.6593886462882096,0.62882096069869,0.5926478686252441,0.6408068126513622,0.6124849,0.6561195543876258,0.6191143,0.60767937,0.6484375
hotel_49,2023-07-03,0.6593886462882096,0.6724890829694323,0.5837932107051336,0.6475015626074981,0.6426458,0.5930549236474124,0.65423614,0.636688,0.6484375
hotel_49,2023-07-04,0.6593886462882096,0.7074235807860262,0.6097205843392374,0.6888852688657342,0.70697284,0.6015799855976165,0.67860866,0.68955964,0.6484375
hotel_49,2023-07-05,0.6593886462882096,0.7030567685589519,0.609301843976113,0.6813060750220953,0.70387757,0.6513833981319391,0.67611444,0.69350606,0.65625
hotel_49,2023-07-06,0.6593886462882096,0.6593886462882096,0.6212854241116265,0.6492388368118244,0.6929227,0.6970198963340625,0.6175623,0.6450556,0.66015625
hotel_49,2023-07-07,0.6593886462882096,0.6593886462882096,0.6726086341271953,0.6723491716869702,0.6956016,0.6849793439260694,0.6696628,0.69401306,0.66015625
hotel_49,2023-07-08,0.6593886462882096,0.7248908296943232,0.6839418195615334,0.6879529535002857,0.68089527,0.7292621350439215,0.6999949,0.71483654,0.66015625
hotel_49,2023-07-09,0.6593886462882096,0.62882096069869,0.5926478686252441,0.6546611463073397,0.5391777,0.5927854060690064,0.57454234,0.61064047,0.65625
hotel_49,2023-07-10,0.6593886462882096,0.6724890829694323,0.5837932107051336,0.6573423687371469,0.65721416,0.6639023737501519,0.6124847,0.6282744,0.65625
hotel_49,2023-07-11,0.6593886462882096,0.7074235807860262,0.6097205843392374,0.6842190896878125,0.7297054,0.7105029680384918,0.66923577,0.6894757,0.65625
hotel_49,2023-07-12,0.6593886462882096,0.7030567685589519,0.609301843976113,0.6786197322201585,0.7667348,0.7061578044330495,0.65006,0.6895635,0.65234375
hotel_49,2023-07-13,0.6593886462882096,0.6593886462882096,0.6212854241116265,0.6545526101115312,0.7643303,0.6906978891195512,0.59870875,0.63813674,0.64453125
hotel_49,2023-07-14,0.6593886462882096,0.6593886462882096,0.6726086341271953,0.6667915709181156,0.7918561,0.7060557181641651,0.6390078,0.6859987,0.6484375
hotel_49,2023-07-15,0.6593886462882096,0.7248908296943232,0.6839418195615334,0.6808481078746728,0.7835853,0.7540530633934014,0.67278844,0.7106014,0.6484375
hotel_49,2023-07-16,0.6593886462882096,0.62882096069869,0.5926478686252441,0.6605758576455062,0.6076895,0.6465134452833383,0.55478483,0.60312986,0.64453125
hotel_49,2023-07-17,0.6593886462882096,0.6724890829694323,0.5837932107051336,0.6563005431340642,0.70450133,0.6849670644261558,0.5822364,0.62299013,0.6484375
hotel_49,2023-07-18,0.6593886462882096,0.7074235807860262,0.6097205843392374,0.6782480126913744,0.74713826,0.7456015458052649,0.6214356,0.6699306,0.65625
hotel_49,2023-07-19,0.6593886462882096,0.7030567685589519,0.609301843976113,0.6762192604889153,0.7718705,0.7698880837508579,0.61825067,0.6793004,0.65625
hotel_49,2023-07-20,0.6593886462882096,0.6593886462882096,0.6212854241116265,0.6568705924405908,0.7837842,0.7745095855473861,0.57631016,0.6396809,0.65625
hotel_49,2023-07-21,0.6593886462882096,0.6593886462882096,0.6726086341271953,0.666335254046344,0.81805986,0.8042330986792031,0.61176986,0.6822854,0.65234375
hotel_49,2023-07-22,0.6593886462882096,0.7248908296943232,0.6839418195615334,0.6798186571569675,0.84077,0.8289949023636046,0.6191854,0.710592,0.65234375
hotel_49,2023-07-23,0.6593886462882096,0.62882096069869,0.5926478686252441,0.6649349227109138,0.6692545,0.6094063094792528,0.4872345,0.60559046,0.65625
hotel_49,2023-07-24,0.6593886462882096,0.6724890829694323,0.5837932107051336,0.6586316006246514,0.75455624,0.6899446615263027,0.5370414,0.6266217,0.65625
hotel_49,2023-07-25,0.6593886462882096,0.7074235807860262,0.6097205843392374,0.6746269531886668,0.7982902,0.7307269588120056,0.618083,0.66757804,0.65625
hotel_49,2023-07-26,0.6593886462882096,0.7030567685589519,0.609301843976113,0.6754803046055352,0.80619,0.7539311736274193,0.62561876,0.66968316,0.65625
hotel_49,2023-07-27,0.6593886462882096,0.6593886462882096,0.6212854241116265,0.6601601305110519,0.7940358,0.736669336777662,0.58334583,0.6375743,0.65625
hotel_49,2023-07-28,0.6593886462882096,0.6593886462882096,0.6726086341271953,0.6649239279036796,0.84444153,0.8008104093368099,0.62212884,0.6777388,0.65625
hotel_56,2023-07-01,0.9583333333333334,1.0083333333333333,0.9925455493849095,0.9635638092744366,0.96720743,0.9462633510940169,0.99796087,0.9852045,0.9765625
hotel_56,2023-07-02,0.9583333333333334,1.0,0.8606684284098138,0.925839766267819,0.9403511,0.8974922731190165,0.88026184,0.88254166,0.96484375
hotel_56,2023-07-03,0.9583333333333334,1.0,0.8900671345173036,0.941223834864202,0.90791196,0.9035681553579965,0.95992446,0.9260865,0.96875
hotel_56,2023-07-04,0.9583333333333334,1.0166666666666666,0.9308419251938161,0.9718535669694425,0.9620763,0.9636128724564001,1.009545,0.97968614,0.98046875
hotel_56,2023-07-05,0.9583333333333334,0.9833333333333333,0.945708146876643,0.9504739352883846,0.95183486,0.9473368795424333,0.9900001,0.9806503,0.984375
hotel_56,2023-07-06,0.9583333333333334,0.8666666666666667,0.9464530711739031,0.9093179238701902,0.9298449,0.9287067509065716,0.9514735,0.9427658,0.984375
hotel_56,2023-07-07,0.9583333333333334,0.9583333333333334,0.9756082297946995,0.946797530449059,1.015212,0.9932136391829823,0.9829571,0.97804546,0.9921875
hotel_56,2023-07-08,0.9583333333333334,1.0083333333333333,0.9925455493849095,0.9552241691275157,0.99993795,1.0089844077377486,1.0123363,0.9885684,0.984375
hotel_56,2023-07-09,0.9583333333333334,1.0,0.8606684284098138,0.9423441972667019,0.9112917,0.8626196618947513,0.89213765,0.86489916,0.96875
hotel_56,2023-07-10,0.9583333333333334,1.0,0.8900671345173036,0.9470258034537906,0.9118453,0.901749782626198,0.9474681,0.92616564,0.96875
hotel_56,2023-07-11,0.9583333333333334,1.0166666666666666,0.9308419251938161,0.9591001433124998,0.94108874,0.9740370010312952,1.0119997,0.98169905,0.98046875
hotel_56,2023-07-12,0.9583333333333334,0.9833333333333333,0.945708146876643,0.9470961804703139,0.979249,1.010085314414218,0.98264456,0.9689773,0.9765625
hotel_56,2023-07-13,0.9583333333333334,0.8666666666666667,0.9464530711739031,0.9153471780434692,0.9716986,0.9657249122866752,0.9587022,0.9450283,0.97265625
hotel_56,2023-07-14,0.9583333333333334,0.9583333333333334,0.9756082297946995,0.9418590463179446,0.98416954,0.9572269649858753,0.98828095,0.9756607,0.98046875
hotel_56,2023-07-15,0.9583333333333334,1.0083333333333333,0.9925455493849095,0.9452877437955114,0.9903081,0.9542146520317639,0.9979836,0.99118614,0.9765625
hotel_56,2023-07-16,0.9583333333333334,1.0,0.8606684284098138,0.9351522333810327,0.8952344,0.8820931534331171,0.87818116,0.8734032,0.95703125
hotel_56,2023-07-17,0.9583333333333334,1.0,0.8900671345173036,0.9391115168610925,0.922287,0.9161151459724934,0.9441563,0.9305533,0.96484375
hotel_56,2023-07-18,0.9583333333333334,1.0166666666666666,0.9308419251938161,0.9478334748676747,0.97791755,0.9955262939464021,0.9988169,0.9778252,0.97265625
hotel_56,2023-07-19,0.9583333333333334,0.9833333333333333,0.945708146876643,0.9406558287336717,0.9798235,0.9679609075473864,0.98901135,0.9686125,0.98046875
hotel_56,2023-07-20,0.9583333333333334,0.8666666666666667,0.9464530711739031,0.9242056707494534,0.9687868,0.9595984864404999,0.9639704,0.9485507,0.9765625
hotel_56,2023-07-21,0.9583333333333334,0.9583333333333334,0.9756082297946995,0.9384547192066276,0.97251606,0.9697699766353588,1.0029082,0.98489213,0.98046875
hotel_56,2023-07-22,0.9583333333333334,1.0083333333333333,0.9925455493849095,0.9408868181588285,0.98994946,1.001617295185862,0.9987011,0.9933533,0.9765625
hotel_56,2023-07-23,0.9583333333333334,1.0,0.8606684284098138,0.9356778697693328,0.89933366,0.9228480898164768,0.884144,0.87631524,0.95703125
hotel_56,2023-07-24,0.9583333333333334,1.0,0.8900671345173036,0.9376550834010632,0.94210184,0.9493096144510439,0.9404043,0.9255807,0.9609375
hotel_56,2023-07-25,0.9583333333333334,1.0166666666666666,0.9308419251938161,0.9423006639467704,0.9766788,1.0063359295725625,1.0025148,0.9838263,0.9765625
hotel_56,2023-07-26,0.9583333333333334,0.9833333333333333,0.945708146876643,0.9381372462597712,0.9808581,0.9844124297120701,0.987609,0.9742857,0.984375
hotel_56,2023-07-27,0.9583333333333334,0.8666666666666667,0.9464530711739031,0.9278976185433755,0.9662207,0.9595388561430452,0.9535103,0.9491731,0.98046875
hotel_56,2023-07-28,0.9583333333333334,0.9583333333333334,0.9756082297946995,0.9366043166173872,0.9808538,0.9715070409623142,0.9823634,0.9813733,0.984375
hotel_63,2023-07-01,0.8666666666666667,0.84,0.9803791992927995,0.8450817638099264,0.86606264,0.898010149341985,0.9095497,0.8941974,0.9375
hotel_63,2023-07-02,0.8666666666666667,0.6311111111111111,0.6876373033360524,0.7402787161076145,0.61136997,0.626416741037331,0.6505092,0.6592662,0.7578125
hotel_63,2023-07-03,0.8666666666666667,0.8444444444444444,0.6973042213002638,0.7775220825927083,0.6102954,0.6097872935709581,0.7485667,0.7315732,0.7421875
hotel_63,2023-07-04,0.8666666666666667,0.8844444444444445,0.7684167563084241,0.8180154642068924,0.70317036,0.651168940564789,0.80274403,0.82639056,0.796875
hotel_63,2023-07-05,0.8666666666666667,0.8266666666666667,0.7828406068386752,0.804733890175952,0.72194195,0.7081081647547035,0.7955749,0.810856,0.84375
hotel_63,2023-07-06,0.8666666666666667,0.8844444444444445,0.7880687369130603,0.8707604286278279,0.78360194,0.7514658419284722,0.82565814,0.83845615,0.875
hotel_63,2023-07-07,0.8666666666666667,0.8666666666666667,0.9294303771007073,0.8891805963104842,0.87602633,0.852101085966064,0.8686251,0.92165834,0.9453125
hotel_63,2023-07-08,0.8666666666666667,0.84,0.9803791992927995,0.8372606739642247,0.86618364,0.8679408941268443,0.89118326,0.91700006,0.9765625
hotel_63,2023-07-09,0.8666666666666667,0.6311111111111111,0.6876373033360524,0.7410501044669796,0.6142729,0.6177761909687453,0.6501632,0.65060675,0.796875
hotel_63,2023-07-10,0.8666666666666667,0.8444444444444444,0.6973042213002638,0.8145216196858857,0.7077989,0.6949618293667056,0.7423587,0.72226375,0.77734375
hotel_63,2023-07-11,0.8666666666666667,0.8844444444444445,0.7684167563084241,0.8393902842927772,0.80331594,0.7861707161705224,0.79060817,0.8164851,0.8359375
hotel_63,2023-07-12,0.8666666666666667,0.8266666666666667,0.7828406068386752,0.817971785133653,0.8024981,0.8117789378353008,0.8009005,0.80543756,0.87890625
hotel_63,2023-07-13,0.8666666666666667,0.8844444444444445,0.7880687369130603,0.8572037028438262,0.81257457,0.7987329439751507,0.8081665,0.8366297,0.90625
hotel_63,2023-07-14,0.8666666666666667,0.8666666666666667,0.9294303771007073,0.8585443089096477,0.89543694,0.879031685665798,0.89039606,0.9264407,0.96484375
hotel_63,2023-07-15,0.8666666666666667,0.84,0.9803791992927995,0.8347930300772225,0.92592746,0.9076186396923056,0.9304361,0.9241591,0.99609375
hotel_63,2023-07-16,0.8666666666666667,0.6311111111111111,0.6876373033360524,0.7719700972046953,0.6347465,0.681097213451693,0.67760664,0.68448484,0.80078125
hotel_63,2023-07-17,0.8666666666666667,0.8444444444444444,0.6973042213002638,0.8081490906556322,0.71203744,0.7137840328313929,0.7351882,0.72575194,0.77734375
hotel_63,2023-07-18,0.8666666666666667,0.8844444444444445,0.7684167563084241,0.8285898725493328,0.7616758,0.8191527599158732,0.78514314,0.8070065,0.82421875
hotel_63,2023-07-19,0.8666666666666667,0.8266666666666667,0.7828406068386752,0.817680556951697,0.7830428,0.8392602552615623,0.7626835,0.78651154,0.86328125
hotel_63,2023-07-20,0.8666666666666667,0.8844444444444445,0.7880687369130603,0.8503469904247969,0.8032286,0.8345338692943464,0.7738493,0.8169792,0.89453125
hotel_63,2023-07-21,0.8666666666666667,0.8666666666666667,0.9294303771007073,0.8563236142406705,0.909536,0.8989188050779019,0.8324963,0.9134327,0.96484375
hotel_63,2023-07-22,0.8666666666666667,0.84,0.9803791992927995,0.8334636427200548,0.9068438,0.9052764496606588,0.8463869,0.9191588,0.9921875
hotel_63,2023-07-23,0.8666666666666667,0.6311111111111111,0.6876373033360524,0.7844740404122968,0.74257386,0.6672539050665439,0.64318883,0.6832198,0.796875
hotel_63,2023-07-24,0.8666666666666667,0.8444444444444444,0.6973042213002638,0.8182164178764457,0.8258513,0.7651403202126191,0.70502263,0.72585714,0.76953125
hotel_63,2023-07-25,0.8666666666666667,0.8844444444444445,0.7684167563084241,0.8325879036938477,0.85107815,0.7996148043154286,0.7716339,0.79460454,0.8125
hotel_63,2023-07-26,0.8666666666666667,0.8266666666666667,0.7828406068386752,0.8229049234234225,0.8552513,0.8140463128535832,0.764071,0.78600377,0.85546875
hotel_63,2023-07-27,0.8666666666666667,0.8844444444444445,0.7880687369130603,0.845600466428672,0.82377875,0.8190010180960644,0.79047745,0.80510354,0.88671875
hotel_63,2023-07-28,0.8666666666666667,0.8666666666666667,0.9294303771007073,0.848252301039358,0.90366286,0.8934972549319129,0.85210836,0.89057386,0.94921875
hotel_7,2023-07-01,0.6498371335504886,0.33876221498371334,0.5457642936703118,0.5522274270666416,0.590206,0.6108884877233812,0.4763814,0.4955378,0.56640625
hotel_7,2023-07-02,0.6498371335504886,0.3289902280130293,0.5430374387873832,0.5252246839507193,0.45923764,0.47505282988806247,0.43449318,0.4197458,0.515625
hotel_7,2023-07-03,0.6498371335504886,0.247557003257329,0.4637377159463534,0.43396120310454844,0.50127345,0.48450882139153917,0.41693223,0.4070786,0.4296875
hotel_7,2023-07-04,0.6498371335504886,0.28664495114006516,0.4243802960305859,0.4303527999164436,0.49988088,0.437933447314033,0.43048516,0.38891727,0.46484375
hotel_7,2023-07-05,0.6498371335504886,0.44788273615635177,0.5633527663149532,0.5633510911979116,0.528292,0.41252309637011364,0.5124481,0.47392842,0.55859375
hotel_7,2023-07-06,0.6498371335504886,0.5521172638436482,0.6155609588078044,0.6137799131227757,0.63118863,0.4523618380642218,0.5500397,0.5441605,0.58984375
hotel_7,2023-07-07,0.6498371335504886,0.6498371335504886,0.6528037675091977,0.6705347335352996,0.665749,0.5540152195775598,0.6040155,0.5697728,0.60546875
hotel_7,2023-07-08,0.6498371335504886,0.33876221498371334,0.5457642936703118,0.5592313532851673,0.60696405,0.5927991962132926,0.4765486,0.45236015,0.5546875
hotel_7,2023-07-09,0.6498371335504886,0.3289902280130293,0.5430374387873832,0.5339434453123177,0.45189798,0.4834089603732501,0.47503406,0.4059155,0.5
hotel_7,2023-07-10,0.6498371335504886,0.247557003257329,0.4637377159463534,0.4476978768270271,0.49222735,0.6006115959813795,0.5027839,0.40019846,0.41601562
hotel_7,2023-07-11,0.6498371335504886,0.28664495114006516,0.4243802960305859,0.43636709628355674,0.5256352,0.5959351661287325,0.5099308,0.38713127,0.453125
hotel_7,2023-07-12,0.6498371335504886,0.44788273615635177,0.5633527663149532,0.5650265617864881,0.56118596,0.5822809673863374,0.5758788,0.48403668,0.546875
hotel_7,2023-07-13,0.6498371335504886,0.5521172638436482,0.6155609588078044,0.6051141561579673,0.6162354,0.5568031675512313,0.62635106,0.53020364,0.58203125
hotel_7,2023-07-14,0.6498371335504886,0.6498371335504886,0.6528037675091977,0.6558899128431043,0.69022226,0.6317612739773054,0.6537388,0.5464309,0.6015625
hotel_7,2023-07-15,0.6498371335504886,0.33876221498371334,0.5457642936703118,0.5452497937829784,0.6840327,0.6420697577106546,0.56059104,0.4547745,0.55078125
hotel_7,2023-07-16,0.6498371335504886,0.3289902280130293,0.5430374387873832,0.5222151197769915,0.51084834,0.533197383343678,0.50912243,0.38060862,0.49609375
hotel_7,2023-07-17,0.6498371335504886,0.247557003257329,0.4637377159463534,0.43783076276815575,0.54915035,0.6109833586955677,0.4842898,0.3684186,0.40820312
hotel_7,2023-07-18,0.6498371335504886,0.28664495114006516,0.4243802960305859,0.428084209675376,0.55962956,0.6308787188485856,0.50769204,0.36440638,0.4375
hotel_7,2023-07-19,0.6498371335504886,0.44788273615635177,0.5633527663149532,0.5580618903015917,0.575164,0.6309139741045765,0.5301285,0.48981732,0.51953125
hotel_7,2023-07-20,0.6498371335504886,0.5521172638436482,0.6155609588078044,0.5992653139440702,0.6376358,0.6294753518238954,0.5962142,0.55681044,0.55078125
hotel_7,2023-07-21,0.6498371335504886,0.6498371335504886,0.6528037675091977,0.6509734301141337,0.7003313,0.6546236570901841,0.6449996,0.58091617,0.5625
hotel_7,2023-07-22,0.6498371335504886,0.33876221498371334,0.5457642936703118,0.5411200294910866,0.6641786,0.6794930971864536,0.54858243,0.46429652,0.5078125
hotel_7,2023-07-23,0.6498371335504886,0.3289902280130293,0.5430374387873832,0.5187442910274915,0.52673197,0.5148455860862393,0.47900245,0.40426877,0.4609375
hotel_7,2023-07-24,0.6498371335504886,0.247557003257329,0.4637377159463534,0.43491493490739175,0.54341626,0.6076563907768012,0.46388736,0.38853434,0.37890625
hotel_7,2023-07-25,0.6498371335504886,0.28664495114006516,0.4243802960305859,0.4256338715884762,0.5633207,0.6534219253820097,0.49359614,0.41565403,0.41601562
hotel_7,2023-07-26,0.6498371335504886,0.44788273615635177,0.5633527663149532,0.556003215273968,0.58690137,0.6611395005915853,0.5690145,0.51702964,0.515625
hotel_7,2023-07-27,0.6498371335504886,0.5521172638436482,0.6155609588078044,0.597535390360607,0.6299841,0.6773485662721948,0.61308974,0.5792478,0.5546875
hotel_7,2023-07-28,0.6498371335504886,0.6498371335504886,0.6528037675091977,0.6495199549973972,0.67993045,0.7385622867078475,0.6704309,0.5915656,0.5859375
hotel_70,2023-07-01,0.8377192982456141,0.7982456140350878,0.8744535315777295,0.9166524283010028,0.8583079,0.8765046708661095,0.8607418,0.8258722,0.80859375
hotel_70,2023-07-02,0.8377192982456141,0.6535087719298246,0.7574362228068356,0.8421395429845357,0.6867595,0.6833513742223613,0.7274984,0.6847236,0.74609375
hotel_70,2023-07-03,0.8377192982456141,0.7105263157894737,0.7574322673244427,0.8403352090340725,0.6382565,0.5881967690322112,0.6955083,0.6634908,0.70703125
hotel_70,2023-07-04,0.8377192982456141,0.7105263157894737,0.7564759271000756,0.8514310061147851,0.7189671,0.6432640532987203,0.69273037,0.69759893,0.7109375
hotel_70,2023-07-05,0.8377192982456141,0.75,0.7477110455519981,0.8486644778816319,0.7218361,0.6688193878067258,0.7140149,0.7179058,0.7421875
hotel_70,2023-07-06,0.8377192982456141,0.7587719298245614,0.7778270965392885,0.8503784413652783,0.7301027,0.6778726048824976,0.6966037,0.74405134,0.76953125
hotel_70,2023-07-07,0.8377192982456141,0.8377192982456141,0.8384043030588617,0.9027901029871372,0.7762325,0.7267575647722844,0.7596325,0.7993576,0.80078125
hotel_70,2023-07-08,0.8377192982456141,0.7982456140350878,0.8744535315777295,0.9736899765268874,0.8292304,0.7924788052745555,0.80034775,0.8141091,0.79296875
hotel_70,2023-07-09,0.8377192982456141,0.6535087719298246,0.7574362228068356,0.9079736328439907,0.63718605,0.6217950950634618,0.6540772,0.68351233,0.734375
hotel_70,2023-07-10,0.8377192982456141,0.7105263157894737,0.7574322673244427,0.9233947498723726,0.66791445,0.652526150391919,0.65187913,0.6668443,0.7109375
hotel_70,2023-07-11,0.8377192982456141,0.7105263157894737,0.7564759271000756,0.9271222564113049,0.7566757,0.7150444307669869,0.68645114,0.70298755,0.71484375
hotel_70,2023-07-12,0.8377192982456141,0.75,0.7477110455519981,0.9372886698700742,0.74614,0.76449077099961,0.6912588,0.71673626,0.73046875
hotel_70,2023-07-13,0.8377192982456141,0.7587719298245614,0.7778270965392885,0.9403301890480952,0.7574886,0.76363171463267,0.6936947,0.73768634,0.75
hotel_70,2023-07-14,0.8377192982456141,0.8377192982456141,0.8384043030588617,0.9801288834467246,0.8026696,0.813049585194283,0.7273865,0.7846809,0.77734375
hotel_70,2023-07-15,0.8377192982456141,0.7982456140350878,0.8744535315777295,1.026134479564066,0.85700005,0.878510791880311,0.77419215,0.81063515,0.76953125
hotel_70,2023-07-16,0.8377192982456141,0.6535087719298246,0.7574362228068356,0.9831127333903573,0.64684194,0.6844195085868738,0.6531736,0.6914923,0.70703125
hotel_70,2023-07-17,0.8377192982456141,0.7105263157894737,0.7574322673244427,0.9877860952654474,0.71589535,0.6824936024538205,0.6440248,0.6993455,0.6875
hotel_70,2023-07-18,0.8377192982456141,0.7105263157894737,0.7564759271000756,0.9921572653199103,0.800839,0.7297244663290606,0.65233696,0.72553074,0.69921875
hotel_70,2023-07-19,0.8377192982456141,0.75,0.7477110455519981,0.9947949028499179,0.80938596,0.7786804471259439,0.6803303,0.74433357,0.72265625
hotel_70,2023-07-20,0.8377192982456141,0.7587719298245614,0.7778270965392885,0.9962984505840662,0.8100023,0.7954522365217566,0.7019189,0.7583338,0.7421875
hotel_70,2023-07-21,0.8377192982456141,0.8377192982456141,0.8384043030588617,1.0244009470396105,0.8510418,0.8134631709702492,0.73734576,0.81106234,0.78125
hotel_70,2023-07-22,0.8377192982456141,0.7982456140350878,0.8744535315777295,1.0597854980481194,0.89345217,0.8535592876169967,0.77602375,0.84207577,0.78515625
hotel_70,2023-07-23,0.8377192982456141,0.6535087719298246,0.7574362228068356,1.0268603940975771,0.61286753,0.6284160318821059,0.6360704,0.72491497,0.7265625
hotel_70,2023-07-24,0.8377192982456141,0.7105263157894737,0.7574322673244427,1.032765132904983,0.74707955,0.7043635342089151,0.65789586,0.7203176,0.6953125
hotel_70,2023-07-25,0.8377192982456141,0.7105263157894737,0.7564759271000756,1.0352813556105152,0.81074363,0.7559023134448681,0.68883467,0.73818624,0.6953125
hotel_70,2023-07-26,0.8377192982456141,0.75,0.7477110455519981,1.039025152876424,0.8240387,0.7584337693702097,0.6978864,0.75349265,0.71875
hotel_70,2023-07-27,0.8377192982456141,0.7587719298245614,0.7778270965392885,1.0403852039477872,0.81213063,0.7418877869730671,0.70624673,0.7538933,0.73828125
hotel_70,2023-07-28,0.8377192982456141,0.8377192982456141,0.8384043030588617,1.061013072608496,0.8808455,0.8159293521947054,0.7319013,0.8048798,0.765625
hotel_77,2022-12-27,0.0,0.0,0.0035630841445453646,-1.2446955489764206e-05,0.007980214,0.02512671877211873,0.0019463878,0.0012802482,-0.0018463135
hotel_77,2022-12-28,0.0,0.0,0.00581562560026991,-1.2047356872243249e-05,0.02379534,0.05231627120608055,0.0022984128,0.0011816602,-0.002105713
hotel_77,2022-12-29,0.0,0.0,0.005317902589235404,-2.7492678687583056e-05,0.059665192,0.0864946628098807,0.0026575937,0.0012375005,-0.0018463135
hotel_77,2022-12-30,0.0,0.0,0.002691648062137224,-2.9582608076822133e-05,0.12211518,0.17015718404383234,-0.0026820991,-0.002874393,-0.0013427734
hotel_77,2022-12-31,0.0,0.0,-0.00041973892537173953,-3.0852632370186294e-05,0.36616597,0.29981939820858816,0.00059398636,0.00093736453,-0.0013427734
hotel_77,2023-01-01,0.0,0.0,-0.0018347077914180002,-2.303311803148478e-05,0.26343104,0.19100919068024802,0.0010930337,0.00073478185,-0.0008354187
hotel_77,2023-01-02,0.0,0.0,-0.00034077666382860763,-2.4898929571888873e-05,0.5148463,0.24114371604555954,-0.0012451597,-0.0004678853,-0.0008354187
hotel_77,2023-01-03,0.0,0.0,0.0037185298128244284,-3.2397305994215374e-05,0.5376416,0.23229336501531708,-0.002460016,-0.0015686881,-0.0013427734
hotel_77,2023-01-04,0.0,0.0,0.00596795338053469,-3.651324848173932e-05,0.56539613,0.23894066226961863,0.0013344743,-0.00037620403,-0.0018463135
hotel_77,2023-01-05,0.0,0.0,0.005467175019257311,-4.396335541335268e-05,0.56191015,0.23433145785218656,0.00037023984,-0.0012859888,-0.002105713
hotel_77,2023-01-06,0.0,0.0,0.0028379264253216244,-4.438176653572522e-05,0.5948242,0.2800774152152562,0.0012222249,-0.0019101594,-0.0015945435
hotel_77,2023-01-07,0.0,0.0,-0.0002763945748257791,-4.461191760332848e-05,0.52160984,0.3360512364201076,-0.00061668083,0.00023820065,-0.0013427734
hotel_77,2023-01-08,0.0,0.0,-0.0016942386038626238,-4.054092818886777e-05,0.38013896,0.21636706161803895,0.0026830975,0.00014889892,-0.0013427734
hotel_77,2023-01-09,0.0,0.0,-0.00020312497000659745,-4.4080513491976775e-05,0.35692397,0.25487229022358643,-0.0027641123,-0.00037269574,-0.0010910034
hotel_77,2023-01-10,0.0,0.0,0.0038534205254556163,-4.619848400407023e-05,0.39569172,0.2980335360576289,-0.0018006368,-0.0005202212,-0.0018463135
hotel_77,2023-01-11,0.0,0.0,0.006100138491003995,-4.661043190967791e-05,0.3733352,0.273000655271672,-0.001803502,-0.0010232832,-0.0010910034
hotel_77,2023-01-12,0.0,0.0,0.005596708795815792,-4.661043190967791e-05,0.38563344,0.26299045129091697,-0.0013500303,-8.963607e-05,-0.0008354187
hotel_77,2023-01-13,0.0,0.0,0.0029648620477221426,-4.661043190967791e-05,0.46271566,0.2927125245761383,-0.0021520564,-0.0010216637,-0.0005836487
hotel_77,2023-01-14,0.0,0.0,-0.0001520049934957508,-4.661043190967791e-05,0.43764317,0.3051843522149993,-0.0014436289,-0.00089760916,-0.0008354187
hotel_77,2023-01-15,0.0,0.0,-0.0015723439957861076,-4.661043190967791e-05,0.28609818,0.14283486184037533,-0.0014919415,-0.00035726512,-7.9631805e-05
hotel_77,2023-01-16,0.0,0.0,-8.367529167135467e-05,-4.661043190967791e-05,0.2795139,0.14205737211287506,-0.0008091554,-0.0032405513,-0.00033187866
hotel_77,2023-01-17,0.0,0.0,0.00397047431380232,-4.661043190967791e-05,0.3090192,0.15287556216319828,-0.0020460263,-0.0046122395,-0.0008354187
hotel_77,2023-01-18,0.0,0.0,0.006214844445488533,-4.661043190967791e-05,0.32892498,0.15059487469945668,-0.0008690194,-0.0019208575,-0.0013427734
hotel_77,2023-01-19,0.0,0.0,0.005709114008667489,-4.661043190967791e-05,0.33405396,0.1455376035757185,-0.0011071176,-0.0017640293,-0.0013427734
hotel_77,2023-01-20,0.0,0.0,0.0030750126666068715,-4.661043190967791e-05,0.40309978,0.1700499072651954,0.0019132197,-0.0028428389,-0.0013427734
hotel_77,2023-01-21,0.0,0.0,-4.4063746529768993e-05,-4.661043190967791e-05,0.38841274,0.20583691184307698,0.0037951488,-0.001947389,-0.00033187866
hotel_77,2023-01-22,0.0,0.0,-0.0014665678057425094,-4.661043190967791e-05,0.23241423,0.10973377641408696,0.001392724,-0.0021026116,-0.00033187866
hotel_77,2023-01-23,0.0,0.0,1.997926758777295e-05,-4.661043190967791e-05,0.2591165,0.10162771251561793,-0.0013101421,-0.002753106,-0.00033187866
hotel_84,2023-07-01,0.9134948096885813,0.903114186851211,0.975873529075923,0.9174955598115859,0.92020917,0.9091289967631976,0.94128424,0.9308953,0.9375
hotel_84,2023-07-02,0.9134948096885813,0.8961937716262975,0.73216656906911,0.9538676876287737,0.9169619,0.8611302122747002,0.913206,0.91749334,0.9296875
hotel_84,2023-07-03,0.9134948096885813,0.9515570934256056,0.7473705410220118,0.8852063175990939,0.8940144,0.8792616975082679,0.85624236,0.87867284,0.92578125
hotel_84,2023-07-04,0.9134948096885813,0.7231833910034602,0.8021738746525953,0.8310503689856793,0.8695532,0.8296031742808985,0.8741744,0.88871396,0.93359375
hotel_84,2023-07-05,0.9134948096885813,0.7197231833910035,0.811584339595717,0.8383198954417754,0.8684086,0.8206466628227764,0.87847376,0.9024847,0.94140625
hotel_84,2023-07-06,0.9134948096885813,0.8823529411764706,0.8029457985275984,0.8961405598577201,0.8703795,0.8521329054926048,0.9027187,0.9198751,0.9609375
hotel_84,2023-07-07,0.9134948096885813,0.9134948096885813,0.9275979474105911,0.8522582029595991,0.92335093,0.8841189469606479,0.9312999,0.93116426,0.97265625
hotel_84,2023-07-08,0.9134948096885813,0.903114186851211,0.975873529075923,0.8907465427901713,0.94837,0.90277396912797,0.9690591,0.95448416,0.98046875
hotel_84,2023-07-09,0.9134948096885813,0.8961937716262975,0.73216656906911,0.9241711593784182,0.8903848,0.8428476371523898,0.9427013,0.92870396,0.9609375
hotel_84,2023-07-10,0.9134948096885813,0.9515570934256056,0.7473705410220118,0.8890347197263017,0.9326977,0.8966597832206932,0.89176047,0.8801973,0.94140625
hotel_84,2023-07-11,0.9134948096885813,0.7231833910034602,0.8021738746525953,0.8261458389069938,0.9377588,0.897523715430521,0.90463245,0.8901555,0.94140625
hotel_84,2023-07-12,0.9134948096885813,0.7197231833910035,0.811584339595717,0.8187222335888085,0.93496484,0.89081990767024,0.89137214,0.9052548,0.9453125
hotel_84,2023-07-13,0.9134948096885813,0.8823529411764706,0.8029457985275984,0.8873902084706674,0.9334795,0.9051172778542643,0.9152592,0.91947514,0.9609375
hotel_84,2023-07-14,0.9134948096885813,0.9134948096885813,0.9275979474105911,0.8736750335687249,0.95292205,0.9312733985062629,0.91489005,0.9226884,0.96875
hotel_84,2023-07-15,0.9134948096885813,0.903114186851211,0.975873529075923,0.8900950060975039,0.96562207,0.9482883860032612,0.9599304,0.948892,0.98046875
hotel_84,2023-07-16,0.9134948096885813,0.8961937716262975,0.73216656906911,0.9168472571710863,0.8928431,0.8262050231676841,0.9272653,0.92388177,0.95703125
hotel_84,2023-07-17,0.9134948096885813,0.9515570934256056,0.7473705410220118,0.880788961579133,0.92486435,0.8708111396248295,0.8659782,0.88483846,0.9375
hotel_84,2023-07-18,0.9134948096885813,0.7231833910034602,0.8021738746525953,0.845245658629611,0.952168,0.9194005359078476,0.8685823,0.8920499,0.9375
hotel_84,2023-07-19,0.9134948096885813,0.7197231833910035,0.811584339595717,0.8393041407098594,0.9670158,0.9410646413191474,0.8664619,0.9018952,0.94921875
hotel_84,2023-07-20,0.9134948096885813,0.8823529411764706,0.8029457985275984,0.8865203702445756,0.94837105,0.9384405365941916,0.8975676,0.9191319,0.9609375
hotel_84,2023-07-21,0.9134948096885813,0.9134948096885813,0.9275979474105911,0.8678967794541734,0.9026413,0.9246606816481759,0.9065409,0.9224807,0.9765625
hotel_84,2023-07-22,0.9134948096885813,0.903114186851211,0.975873529075923,0.8853723024490551,0.94295543,0.9325517739924097,0.923697,0.94401866,0.98828125
hotel_84,2023-07-23,0.9134948096885813,0.8961937716262975,0.73216656906911,0.9046135714255439,0.8907956,0.8178312974359029,0.89445066,0.9287395,0.97265625
hotel_84,2023-07-24,0.9134948096885813,0.9515570934256056,0.7473705410220118,0.8801151454059335,0.9424894,0.8792018912325243,0.8348162,0.88877726,0.953125
hotel_84,2023-07-25,0.9134948096885813,0.7231833910034602,0.8021738746525953,0.850739483493848,0.93755054,0.9083846301725418,0.86273575,0.8892231,0.953125
hotel_84,2023-07-26,0.9134948096885813,0.7197231833910035,0.811584339595717,0.8452283266514914,0.9384165,0.9022837915138212,0.8750396,0.90233827,0.96484375
hotel_84,2023-07-27,0.9134948096885813,0.8823529411764706,0.8029457985275984,0.8832178284345077,0.9335717,0.8914472496346565,0.8955883,0.9129107,0.984375
hotel_84,2023-07-28,0.9134948096885813,0.9134948096885813,0.9275979474105911,0.8707297055964456,0.95093733,0.9389033469854415,0.90168357,0.92034036,0.9921875
hotel_91,2023-07-01,0.8651685393258427,0.8539325842696629,0.8848434998857737,0.8856421104181152,0.9040936,0.9109266337325268,0.9209591,0.90746224,0.890625
hotel_91,2023-07-02,0.8651685393258427,0.8202247191011236,0.716157896353732,0.8643819716963409,0.7875929,0.827036163928971,0.82854,0.8209647,0.81640625
hotel_91,2023-07-03,0.8651685393258427,0.9775280898876404,0.8467928841431797,0.8798718580237072,0.8401422,0.8802719106223302,0.9087709,0.8899804,0.8515625
hotel_91,2023-07-04,0.8651685393258427,1.0112359550561798,0.940823658191342,0.9333614197395839,0.94384706,0.9051887305762231,0.9779072,0.95036125,0.93359375
hotel_91,2023-07-05,0.8651685393258427,1.0224719101123596,0.9417611490131182,0.9245935424980796,0.96618366,0.9177943533467747,0.9811454,0.9670682,0.93359375
hotel_91,2023-07-06,0.8651685393258427,0.898876404494382,0.8661615809468013,0.882843672591748,0.9339789,0.9016325497388957,0.9326388,0.9178925,0.91015625
hotel_91,2023-07-07,0.8651685393258427,0.8651685393258427,0.8870764224058708,0.8969242728798598,0.93588686,0.9184626582039701,0.9341267,0.9282737,0.87890625
hotel_91,2023-07-08,0.8651685393258427,0.8539325842696629,0.8848434998857737,0.8900266623867785,0.9483352,0.9124442720826486,0.9521744,0.9441992,0.875
hotel_91,2023-07-09,0.8651685393258427,0.8202247191011236,0.716157896353732,0.9025336313882796,0.7795083,0.779838162003318,0.8259015,0.8290809,0.8125
hotel_91,2023-07-10,0.8651685393258427,0.9775280898876404,0.8467928841431797,0.9175940970319397,0.84936655,0.869153177324691,0.88414633,0.89964795,0.8671875
hotel_91,2023-07-11,0.8651685393258427,1.0112359550561798,0.940823658191342,0.9252025680831711,0.92846537,0.922276933355863,0.98599106,0.96124697,0.953125
hotel_91,2023-07-12,0.8651685393258427,1.0224719101123596,0.9417611490131182,0.930703636597774,0.95544046,0.9462570538147765,0.9826989,0.9626734,0.9453125
hotel_91,2023-07-13,0.8651685393258427,0.898876404494382,0.8661615809468013,0.9049970828374825,0.9483258,0.950564112602116,0.9166074,0.92087966,0.90234375
hotel_91,2023-07-14,0.8651685393258427,0.8651685393258427,0.8870764224058708,0.9003822531638384,0.944108,0.9469766020591296,0.93062866,0.9246066,0.859375
hotel_91,2023-07-15,0.8651685393258427,0.8539325842696629,0.8848434998857737,0.903440637847621,0.9452633,0.9451737601946462,0.95141906,0.94531065,0.83984375
hotel_91,2023-07-16,0.8651685393258427,0.8202247191011236,0.716157896353732,0.9051610614768939,0.78846717,0.8156212069665013,0.84439635,0.83815265,0.765625
hotel_91,2023-07-17,0.8651685393258427,0.9775280898876404,0.8467928841431797,0.9058281817967127,0.8440262,0.8755645987564034,0.905888,0.900672,0.82421875
hotel_91,2023-07-18,0.8651685393258427,1.0112359550561798,0.940823658191342,0.9060868678049391,0.9099305,0.9221674108955393,0.97451776,0.9539629,0.9375
hotel_91,2023-07-19,0.8651685393258427,1.0224719101123596,0.9417611490131182,0.9061871772226919,0.9282255,0.938978250146899,0.98857415,0.9641149,0.94921875
hotel_91,2023-07-20,0.8651685393258427,0.898876404494382,0.8661615809468013,0.9062260737187139,0.92754275,0.9258012432188645,0.92678964,0.929678,0.91796875
hotel_91,2023-07-21,0.8651685393258427,0.8651685393258427,0.8870764224058708,0.9062411564241735,0.9330795,0.9249012856703999,0.9330806,0.93327767,0.8828125
hotel_91,2023-07-22,0.8651685393258427,0.8539325842696629,0.8848434998857737,0.9062470049716583,0.93151367,0.9230912153492017,0.934183,0.9468576,0.875
hotel_91,2023-07-23,0.8651685393258427,0.8202247191011236,0.716157896353732,0.9062492728345278,0.79241127,0.7940184036630197,0.8101643,0.83118695,0.8046875
hotel_91,2023-07-24,0.8651685393258427,0.9775280898876404,0.8467928841431797,0.9062501522327046,0.8435641,0.8614235351897093,0.8779492,0.8949256,0.859375
hotel_91,2023-07-25,0.8651685393258427,1.0112359550561798,0.940823658191342,0.9062504932326669,0.9058242,0.9312019416194159,0.96953034,0.9598743,0.953125
hotel_91,2023-07-26,0.8651685393258427,1.0224719101123596,0.9417611490131182,0.9062506254605671,0.9486785,0.9977657655667349,0.98421925,0.9702882,0.94921875
hotel_91,2023-07-27,0.8651685393258427,0.898876404494382,0.8661615809468013,0.9062506767339381,0.94264895,0.9676785675976759,0.9277783,0.93189096,0.890625
hotel_91,2023-07-28,0.8651685393258427,0.8651685393258427,0.8870764224058708,0.9062506966159644,0.95839626,0.9497852201356733,0.9277251,0.9340487,0.83984375
hotel_98,2023-07-01,0.5,0.3467741935483871,0.5631058865105503,0.492868289707866,0.50298727,0.5036090507269793,0.4273814,0.4124965,0.49414062
hotel_98,2023-07-02,0.5,0.13709677419354838,0.37418701101467,0.35516486244877926,0.33775416,0.2651250487257834,0.09819859,0.083547235,0.2578125
hotel_98,2023-07-03,0.5,0.10483870967741936,0.3561088274054334,0.34300751462131085,0.2531132,0.21100307824762934,0.052389145,0.073167086,0.18164062
hotel_98,2023-07-04,0.5,0.0967741935483871,0.3559331374666444,0.3448582331961556,0.30731872,0.19528533085688382,-0.03195238,0.06739882,0.16992188
hotel_98,2023-07-05,0.5,0.18548387096774194,0.35127108765755194,0.3880710507851174,0.29780155,0.21552295257123505,-0.04786867,0.06225255,0.15527344
hotel_98,2023-07-06,0.5,0.4112903225806452,0.3851218259604149,0.4853976244066757,0.35501167,0.28216783951557445,0.0060705543,0.12848786,0.18359375
hotel_98,2023-07-07,0.5,0.5,0.500002305338062,0.6068513305030271,0.42436147,0.3562871485072422,0.19338837,0.24317674,0.3046875
hotel_98,2023-07-08,0.5,0.3467741935483871,0.5631058865105503,0.5748232141513435,0.40642467,0.40163793875187176,0.22059289,0.18279602,0.33398438
hotel_98,2023-07-09,0.5,0.13709677419354838,0.37418701101467,0.45935512991016997,0.31081912,0.23264079902260013,-0.001570344,-0.05039051,0.17285156
hotel_98,2023-07-10,0.5,0.10483870967741936,0.3561088274054334,0.44499318455460674,0.29566061,0.228979334087776,0.012433857,-0.022039294,0.12792969
hotel_98,2023-07-11,0.5,0.0967741935483871,0.3559331374666444,0.44324565150155026,0.33890253,0.23790214721547687,-0.014112055,-0.030470759,0.12402344
hotel_98,2023-07-12,0.5,0.18548387096774194,0.35127108765755194,0.48642690780101794,0.35935828,0.2371143764222713,-0.01880768,-0.014629722,0.11230469
hotel_98,2023-07-13,0.5,0.4112903225806452,0.3851218259604149,0.5915679085045467,0.39682925,0.257214444593158,0.02883932,0.011657298,0.13769531
hotel_98,2023-07-14,0.5,0.5,0.500002305338062,0.6642364173773642,0.4569672,0.3678771766762327,0.13632225,0.094059706,0.24511719
hotel_98,2023-07-15,0.5,0.3467741935483871,0.5631058865105503,0.6500035154236306,0.44920364,0.4174222066547552,0.19619481,0.11322516,0.28515625
hotel_98,2023-07-16,0.5,0.13709677419354838,0.37418701101467,0.5647367606831515,0.28698397,0.28746167524049415,0.022531718,-0.042961627,0.1328125
hotel_98,2023-07-17,0.5,0.10483870967741936,0.3561088274054334,0.5556381559913158,0.32673675,0.2885387884950069,-0.0124773085,-0.013044089,0.103027344
hotel_98,2023-07-18,0.5,0.0967741935483871,0.3559331374666444,0.5555406568386525,0.38538894,0.2966568532446925,-0.005166799,0.042847753,0.12695312
hotel_98,2023-07-19,0.5,0.18548387096774194,0.35127108765755194,0.5849161237817918,0.41519275,0.29876355062776366,0.01911074,0.05894339,0.13085938
hotel_98,2023-07-20,0.5,0.4112903225806452,0.3851218259604149,0.6540492366753806,0.43159297,0.3103543694357626,0.10146184,0.101460725,0.15527344
hotel_98,2023-07-21,0.5,0.5,0.500002305338062,0.7182591359432492,0.44590256,0.3741258511333517,0.26294392,0.18268925,0.2890625
hotel_98,2023-07-22,0.5,0.3467741935483871,0.5631058865105503,0.7031846768270062,0.44761676,0.40287990645361055,0.24021877,0.16753528,0.34960938
hotel_98,2023-07-23,0.5,0.13709677419354838,0.37418701101467,0.6360415200335808,0.33496967,0.28196757933984457,-0.014292449,0.007338792,0.20703125
hotel_98,2023-07-24,0.5,0.10483870967741936,0.3561088274054334,0.628258154031508,0.35653952,0.3014423609036485,-0.03402227,0.021041453,0.16210938
hotel_98,2023-07-25,0.5,0.0967741935483871,0.3559331374666444,0.627691585679319,0.40346295,0.3445512000823739,-0.024956852,0.01947236,0.16503906
hotel_98,2023-07-26,0.5,0.18548387096774194,0.35127108765755194,0.6518543884816781,0.4391128,0.3560991370380938,-0.04007414,0.03256327,0.17480469
hotel_98,2023-07-27,0.5,0.4112903225806452,0.3851218259604149,0.7097861333670117,0.43184263,0.3983743778209822,-0.04469514,0.0363667,0.2265625
hotel_98,2023-07-28,0.5,0.5,0.500002305338062,0.7560173065426394,0.4667973,0.46603067238780155,0.095740095,0.116906226,0.37304688
